{
"meta":{"test_sets":[],"test_metrics":[],"learn_metrics":[{"best_value":"Min","name":"RMSE"}],"launch_mode":"Train","parameters":"","iteration_count":1000,"learn_sets":["learn"],"name":"experiment"},
"iterations":[
{"learn":[12.24329741],"iteration":0,"passed_time":0.1321294948,"remaining_time":131.9973653},
{"learn":[12.07320471],"iteration":1,"passed_time":0.1329204534,"remaining_time":66.32730625},
{"learn":[11.9333076],"iteration":2,"passed_time":0.1336883329,"remaining_time":44.42908928},
{"learn":[11.79263271],"iteration":3,"passed_time":0.1344552411,"remaining_time":33.47935504},
{"learn":[11.63691503],"iteration":4,"passed_time":0.1351548207,"remaining_time":26.89580933},
{"learn":[11.45858349],"iteration":5,"passed_time":0.1355406656,"remaining_time":22.45457027},
{"learn":[11.31076299],"iteration":6,"passed_time":0.1361275253,"remaining_time":19.31066181},
{"learn":[11.17786232],"iteration":7,"passed_time":0.1368377124,"remaining_time":16.96787633},
{"learn":[11.01934229],"iteration":8,"passed_time":0.1375337175,"remaining_time":15.14399044},
{"learn":[10.88843475],"iteration":9,"passed_time":0.1382255995,"remaining_time":13.68433435},
{"learn":[10.76124357],"iteration":10,"passed_time":0.1387068503,"remaining_time":12.47100681},
{"learn":[10.63161708],"iteration":11,"passed_time":0.1391863184,"remaining_time":11.45967355},
{"learn":[10.52530662],"iteration":12,"passed_time":0.1396614847,"remaining_time":10.60352965},
{"learn":[10.40254968],"iteration":13,"passed_time":0.1402752865,"remaining_time":9.879388034},
{"learn":[10.2682962],"iteration":14,"passed_time":0.1407938428,"remaining_time":9.245462342},
{"learn":[10.13878737],"iteration":15,"passed_time":0.1412171146,"remaining_time":8.684852548},
{"learn":[10.01457736],"iteration":16,"passed_time":0.1417198504,"remaining_time":8.194741941},
{"learn":[9.88703674],"iteration":17,"passed_time":0.1421669468,"remaining_time":7.755996764},
{"learn":[9.77892121],"iteration":18,"passed_time":0.1426005431,"remaining_time":7.362691201},
{"learn":[9.673648586],"iteration":19,"passed_time":0.1430328301,"remaining_time":7.008608675},
{"learn":[9.552461966],"iteration":20,"passed_time":0.14338506,"remaining_time":6.684474941},
{"learn":[9.452512035],"iteration":21,"passed_time":0.1437809601,"remaining_time":6.391717224},
{"learn":[9.366005791],"iteration":22,"passed_time":0.1442478848,"remaining_time":6.127399279},
{"learn":[9.251176485],"iteration":23,"passed_time":0.1446945042,"remaining_time":5.884243169},
{"learn":[9.166139945],"iteration":24,"passed_time":0.1451233771,"remaining_time":5.659811708},
{"learn":[9.078175744],"iteration":25,"passed_time":0.1455504048,"remaining_time":5.452542088},
{"learn":[8.941897506],"iteration":26,"passed_time":0.146056425,"remaining_time":5.263440797},
{"learn":[8.841065239],"iteration":27,"passed_time":0.1465079192,"remaining_time":5.085917766},
{"learn":[8.740325488],"iteration":28,"passed_time":0.1469758513,"remaining_time":4.921156953},
{"learn":[8.661965334],"iteration":29,"passed_time":0.1473591128,"remaining_time":4.764611313},
{"learn":[8.565178934],"iteration":30,"passed_time":0.1477682956,"remaining_time":4.618950919},
{"learn":[8.448477954],"iteration":31,"passed_time":0.1482074378,"remaining_time":4.483274993},
{"learn":[8.349389128],"iteration":32,"passed_time":0.1486366689,"remaining_time":4.355504814},
{"learn":[8.230662221],"iteration":33,"passed_time":0.1489571709,"remaining_time":4.232136092},
{"learn":[8.12675177],"iteration":34,"passed_time":0.149312619,"remaining_time":4.116762209},
{"learn":[8.038273839],"iteration":35,"passed_time":0.1496667033,"remaining_time":4.00774172},
{"learn":[7.947077563],"iteration":36,"passed_time":0.1500375392,"remaining_time":3.905031088},
{"learn":[7.873571447],"iteration":37,"passed_time":0.150420165,"remaining_time":3.80800523},
{"learn":[7.774413285],"iteration":38,"passed_time":0.1508413191,"remaining_time":3.716884812},
{"learn":[7.681354558],"iteration":39,"passed_time":0.1512243285,"remaining_time":3.629383883},
{"learn":[7.604562682],"iteration":40,"passed_time":0.1515985639,"remaining_time":3.545927385},
{"learn":[7.505065135],"iteration":41,"passed_time":0.1519999227,"remaining_time":3.467045856},
{"learn":[7.408819959],"iteration":42,"passed_time":0.1524137646,"remaining_time":3.392092389},
{"learn":[7.307562211],"iteration":43,"passed_time":0.1527955761,"remaining_time":3.319831154},
{"learn":[7.228032817],"iteration":44,"passed_time":0.1533572693,"remaining_time":3.254582049},
{"learn":[7.126868247],"iteration":45,"passed_time":0.1540763518,"remaining_time":3.195409556},
{"learn":[7.020005845],"iteration":46,"passed_time":0.1544619309,"remaining_time":3.131962132},
{"learn":[6.943935499],"iteration":47,"passed_time":0.1549002724,"remaining_time":3.072188736},
{"learn":[6.861678708],"iteration":48,"passed_time":0.1593053349,"remaining_time":3.091823949},
{"learn":[6.7821229],"iteration":49,"passed_time":0.1635950398,"remaining_time":3.108305756},
{"learn":[6.711355693],"iteration":50,"passed_time":0.1691604964,"remaining_time":3.147711982},
{"learn":[6.639927789],"iteration":51,"passed_time":0.1715844497,"remaining_time":3.128116505},
{"learn":[6.559194958],"iteration":52,"passed_time":0.1729476268,"remaining_time":3.090215143},
{"learn":[6.487982046],"iteration":53,"passed_time":0.1744562773,"remaining_time":3.056215525},
{"learn":[6.430114848],"iteration":54,"passed_time":0.1755509073,"remaining_time":3.016283771},
{"learn":[6.363378431],"iteration":55,"passed_time":0.1766855889,"remaining_time":2.978414213},
{"learn":[6.294721665],"iteration":56,"passed_time":0.1777436987,"remaining_time":2.940566805},
{"learn":[6.225899561],"iteration":57,"passed_time":0.1787205273,"remaining_time":2.902667874},
{"learn":[6.156905118],"iteration":58,"passed_time":0.1796275227,"remaining_time":2.86490676},
{"learn":[6.083770812],"iteration":59,"passed_time":0.1805816952,"remaining_time":2.829113224},
{"learn":[6.012444285],"iteration":60,"passed_time":0.1814621544,"remaining_time":2.793327261},
{"learn":[5.961983352],"iteration":61,"passed_time":0.1824355916,"remaining_time":2.760073951},
{"learn":[5.88858775],"iteration":62,"passed_time":0.1832879876,"remaining_time":2.726045149},
{"learn":[5.821733912],"iteration":63,"passed_time":0.1840493088,"remaining_time":2.691721141},
{"learn":[5.757551093],"iteration":64,"passed_time":0.1848197127,"remaining_time":2.658560483},
{"learn":[5.690385435],"iteration":65,"passed_time":0.1854982144,"remaining_time":2.625080792},
{"learn":[5.622770642],"iteration":66,"passed_time":0.1861857058,"remaining_time":2.592705426},
{"learn":[5.562022654],"iteration":67,"passed_time":0.1869365806,"remaining_time":2.562130781},
{"learn":[5.501221513],"iteration":68,"passed_time":0.1876076051,"remaining_time":2.531343193},
{"learn":[5.451308673],"iteration":69,"passed_time":0.1883499226,"remaining_time":2.502363257},
{"learn":[5.399029537],"iteration":70,"passed_time":0.1890938052,"remaining_time":2.474199226},
{"learn":[5.340740253],"iteration":71,"passed_time":0.1896523257,"remaining_time":2.444407753},
{"learn":[5.278760433],"iteration":72,"passed_time":0.1902086653,"remaining_time":2.41538949},
{"learn":[5.208913995],"iteration":73,"passed_time":0.1907772028,"remaining_time":2.387293106},
{"learn":[5.149876959],"iteration":74,"passed_time":0.1913768599,"remaining_time":2.360314605},
{"learn":[5.093805127],"iteration":75,"passed_time":0.1918727994,"remaining_time":2.332769299},
{"learn":[5.0368932],"iteration":76,"passed_time":0.1923545272,"remaining_time":2.305756216},
{"learn":[4.981604082],"iteration":77,"passed_time":0.1927918984,"remaining_time":2.278899107},
{"learn":[4.923142188],"iteration":78,"passed_time":0.1931638724,"remaining_time":2.251948436},
{"learn":[4.881736884],"iteration":79,"passed_time":0.1935862257,"remaining_time":2.226241595},
{"learn":[4.833154902],"iteration":80,"passed_time":0.1939933751,"remaining_time":2.200986565},
{"learn":[4.782128351],"iteration":81,"passed_time":0.1944491139,"remaining_time":2.176881544},
{"learn":[4.715467872],"iteration":82,"passed_time":0.1948700263,"remaining_time":2.152961616},
{"learn":[4.659674025],"iteration":83,"passed_time":0.195324541,"remaining_time":2.129967613},
{"learn":[4.6065713],"iteration":84,"passed_time":0.1964009453,"remaining_time":2.114198411},
{"learn":[4.551353714],"iteration":85,"passed_time":0.197239684,"remaining_time":2.096245013},
{"learn":[4.51298775],"iteration":86,"passed_time":0.1977854103,"remaining_time":2.07561011},
{"learn":[4.4667517],"iteration":87,"passed_time":0.202557825,"remaining_time":2.09923564},
{"learn":[4.428096631],"iteration":88,"passed_time":0.2074425827,"remaining_time":2.123372953},
{"learn":[4.384270457],"iteration":89,"passed_time":0.2139411488,"remaining_time":2.163182727},
{"learn":[4.344249847],"iteration":90,"passed_time":0.2156849782,"remaining_time":2.154479617},
{"learn":[4.296691425],"iteration":91,"passed_time":0.2174059225,"remaining_time":2.14570193},
{"learn":[4.245141724],"iteration":92,"passed_time":0.2190444412,"remaining_time":2.136272131},
{"learn":[4.194561268],"iteration":93,"passed_time":0.2205929284,"remaining_time":2.126140353},
{"learn":[4.147375478],"iteration":94,"passed_time":0.2214807103,"remaining_time":2.109895187},
{"learn":[4.101263193],"iteration":95,"passed_time":0.2238322388,"remaining_time":2.107753582},
{"learn":[4.061807059],"iteration":96,"passed_time":0.2261854376,"remaining_time":2.105623198},
{"learn":[4.030030778],"iteration":97,"passed_time":0.2279456025,"remaining_time":2.098029933},
{"learn":[3.991638275],"iteration":98,"passed_time":0.2300258985,"remaining_time":2.093468025},
{"learn":[3.961550651],"iteration":99,"passed_time":0.2308800454,"remaining_time":2.077920409},
{"learn":[3.919708155],"iteration":100,"passed_time":0.2321742476,"remaining_time":2.066580679},
{"learn":[3.867051691],"iteration":101,"passed_time":0.2328429952,"remaining_time":2.049931467},
{"learn":[3.835747371],"iteration":102,"passed_time":0.233970161,"remaining_time":2.037584801},
{"learn":[3.792560561],"iteration":103,"passed_time":0.2346728813,"remaining_time":2.021797131},
{"learn":[3.751825843],"iteration":104,"passed_time":0.2354752466,"remaining_time":2.007146149},
{"learn":[3.710898275],"iteration":105,"passed_time":0.2367972232,"remaining_time":1.997138845},
{"learn":[3.675634827],"iteration":106,"passed_time":0.2376250983,"remaining_time":1.983170213},
{"learn":[3.650489785],"iteration":107,"passed_time":0.2388787574,"remaining_time":1.972961589},
{"learn":[3.607937356],"iteration":108,"passed_time":0.2393486799,"remaining_time":1.956510769},
{"learn":[3.567511056],"iteration":109,"passed_time":0.2405253228,"remaining_time":1.946068521},
{"learn":[3.525643551],"iteration":110,"passed_time":0.2413064819,"remaining_time":1.932625788},
{"learn":[3.486656764],"iteration":111,"passed_time":0.2419172687,"remaining_time":1.918058344},
{"learn":[3.442878057],"iteration":112,"passed_time":0.2423201032,"remaining_time":1.902105589},
{"learn":[3.39839209],"iteration":113,"passed_time":0.2427991868,"remaining_time":1.887018242},
{"learn":[3.360233731],"iteration":114,"passed_time":0.2433185252,"remaining_time":1.872494738},
{"learn":[3.328177326],"iteration":115,"passed_time":0.2437743347,"remaining_time":1.857728551},
{"learn":[3.293847385],"iteration":116,"passed_time":0.2442334503,"remaining_time":1.843231937},
{"learn":[3.263606037],"iteration":117,"passed_time":0.244687838,"remaining_time":1.828937908},
{"learn":[3.230759633],"iteration":118,"passed_time":0.2451331109,"remaining_time":1.814808997},
{"learn":[3.196233055],"iteration":119,"passed_time":0.245764368,"remaining_time":1.802272032},
{"learn":[3.167387655],"iteration":120,"passed_time":0.24641005,"remaining_time":1.790036644},
{"learn":[3.145866206],"iteration":121,"passed_time":0.2469253655,"remaining_time":1.77705304},
{"learn":[3.119570861],"iteration":122,"passed_time":0.2473980745,"remaining_time":1.763968385},
{"learn":[3.081162635],"iteration":123,"passed_time":0.2478075335,"remaining_time":1.750640317},
{"learn":[3.058241156],"iteration":124,"passed_time":0.2482329507,"remaining_time":1.737630655},
{"learn":[3.026119715],"iteration":125,"passed_time":0.2486411212,"remaining_time":1.724701111},
{"learn":[3.000386026],"iteration":126,"passed_time":0.249129754,"remaining_time":1.712521852},
{"learn":[2.964296519],"iteration":127,"passed_time":0.24975113,"remaining_time":1.701429573},
{"learn":[2.934689078],"iteration":128,"passed_time":0.2502957524,"remaining_time":1.689981398},
{"learn":[2.907335176],"iteration":129,"passed_time":0.2508639045,"remaining_time":1.678858438},
{"learn":[2.875814617],"iteration":130,"passed_time":0.2514516892,"remaining_time":1.668026854},
{"learn":[2.848092548],"iteration":131,"passed_time":0.2523485591,"remaining_time":1.659382949},
{"learn":[2.824763732],"iteration":132,"passed_time":0.2532974261,"remaining_time":1.651194499},
{"learn":[2.791762521],"iteration":133,"passed_time":0.2537647253,"remaining_time":1.640001881},
{"learn":[2.766859249],"iteration":134,"passed_time":0.2542224599,"remaining_time":1.628906872},
{"learn":[2.732714376],"iteration":135,"passed_time":0.2546680056,"remaining_time":1.617890859},
{"learn":[2.704543547],"iteration":136,"passed_time":0.2550601766,"remaining_time":1.606692937},
{"learn":[2.673370129],"iteration":137,"passed_time":0.2554297322,"remaining_time":1.595510356},
{"learn":[2.64103439],"iteration":138,"passed_time":0.2558533255,"remaining_time":1.584818081},
{"learn":[2.618948186],"iteration":139,"passed_time":0.2563127952,"remaining_time":1.574492885},
{"learn":[2.589907442],"iteration":140,"passed_time":0.2567965156,"remaining_time":1.564455368},
{"learn":[2.569625541],"iteration":141,"passed_time":0.2572979234,"remaining_time":1.554659284},
{"learn":[2.546863671],"iteration":142,"passed_time":0.2577709081,"remaining_time":1.544822855},
{"learn":[2.520215688],"iteration":143,"passed_time":0.2582391794,"remaining_time":1.535088455},
{"learn":[2.496573651],"iteration":144,"passed_time":0.2586210154,"remaining_time":1.524972194},
{"learn":[2.467180035],"iteration":145,"passed_time":0.2590689632,"remaining_time":1.51537599},
{"learn":[2.44302968],"iteration":146,"passed_time":0.2595850059,"remaining_time":1.506299388},
{"learn":[2.42359955],"iteration":147,"passed_time":0.2600699763,"remaining_time":1.497159593},
{"learn":[2.396161375],"iteration":148,"passed_time":0.2605304843,"remaining_time":1.487996256},
{"learn":[2.377793024],"iteration":149,"passed_time":0.2609067318,"remaining_time":1.47847148},
{"learn":[2.355744698],"iteration":150,"passed_time":0.2635530105,"remaining_time":1.481831165},
{"learn":[2.337848537],"iteration":151,"passed_time":0.2693870909,"remaining_time":1.502896402},
{"learn":[2.315595364],"iteration":152,"passed_time":0.2747539822,"remaining_time":1.521023679},
{"learn":[2.295565522],"iteration":153,"passed_time":0.2789965154,"remaining_time":1.532669169},
{"learn":[2.273923045],"iteration":154,"passed_time":0.2807677139,"remaining_time":1.530636892},
{"learn":[2.256354134],"iteration":155,"passed_time":0.2822768577,"remaining_time":1.527190179},
{"learn":[2.240123144],"iteration":156,"passed_time":0.2837915309,"remaining_time":1.523797838},
{"learn":[2.214797379],"iteration":157,"passed_time":0.2847524792,"remaining_time":1.517478402},
{"learn":[2.202673708],"iteration":158,"passed_time":0.2856742741,"remaining_time":1.511019274},
{"learn":[2.181937135],"iteration":159,"passed_time":0.2865663467,"remaining_time":1.50447332},
{"learn":[2.161042439],"iteration":160,"passed_time":0.2878473835,"remaining_time":1.500024564},
{"learn":[2.146108181],"iteration":161,"passed_time":0.2889137404,"remaining_time":1.49450441},
{"learn":[2.124897753],"iteration":162,"passed_time":0.2899910579,"remaining_time":1.489095187},
{"learn":[2.106540381],"iteration":163,"passed_time":0.2910613333,"remaining_time":1.483702894},
{"learn":[2.084582247],"iteration":164,"passed_time":0.2920582478,"remaining_time":1.477991739},
{"learn":[2.067378357],"iteration":165,"passed_time":0.2931265025,"remaining_time":1.472695802},
{"learn":[2.044341427],"iteration":166,"passed_time":0.2940893306,"remaining_time":1.466924625},
{"learn":[2.024757223],"iteration":167,"passed_time":0.2949360946,"remaining_time":1.460635897},
{"learn":[2.008848464],"iteration":168,"passed_time":0.2956493411,"remaining_time":1.453755044},
{"learn":[1.988548661],"iteration":169,"passed_time":0.2962411482,"remaining_time":1.446353841},
{"learn":[1.9745272],"iteration":170,"passed_time":0.2970419588,"remaining_time":1.44004552},
{"learn":[1.96348076],"iteration":171,"passed_time":0.2976761484,"remaining_time":1.432999133},
{"learn":[1.947445706],"iteration":172,"passed_time":0.2982947697,"remaining_time":1.425952454},
{"learn":[1.927916951],"iteration":173,"passed_time":0.2988923647,"remaining_time":1.418879846},
{"learn":[1.912197754],"iteration":174,"passed_time":0.2996046327,"remaining_time":1.41242184},
{"learn":[1.900779644],"iteration":175,"passed_time":0.3003299429,"remaining_time":1.406090187},
{"learn":[1.885652396],"iteration":176,"passed_time":0.3010257213,"remaining_time":1.399684568},
{"learn":[1.865113491],"iteration":177,"passed_time":0.3015535783,"remaining_time":1.392567648},
{"learn":[1.852857987],"iteration":178,"passed_time":0.3020623243,"remaining_time":1.385436694},
{"learn":[1.84217352],"iteration":179,"passed_time":0.3026035208,"remaining_time":1.37852715},
{"learn":[1.82859136],"iteration":180,"passed_time":0.3031378785,"remaining_time":1.37165703},
{"learn":[1.812138202],"iteration":181,"passed_time":0.3037724571,"remaining_time":1.365306977},
{"learn":[1.798786203],"iteration":182,"passed_time":0.3043849486,"remaining_time":1.358920781},
{"learn":[1.784936749],"iteration":183,"passed_time":0.3051451522,"remaining_time":1.353252414},
{"learn":[1.768035722],"iteration":184,"passed_time":0.3057826533,"remaining_time":1.347096554},
{"learn":[1.753632541],"iteration":185,"passed_time":0.3063701442,"remaining_time":1.340781169},
{"learn":[1.740581587],"iteration":186,"passed_time":0.3069653634,"remaining_time":1.334560644},
{"learn":[1.725473583],"iteration":187,"passed_time":0.3075472269,"remaining_time":1.328342278},
{"learn":[1.709683783],"iteration":188,"passed_time":0.3080084988,"remaining_time":1.321666098},
{"learn":[1.692275211],"iteration":189,"passed_time":0.3083791198,"remaining_time":1.314668879},
{"learn":[1.6801693],"iteration":190,"passed_time":0.3087873057,"remaining_time":1.307900159},
{"learn":[1.6672644],"iteration":191,"passed_time":0.3091673926,"remaining_time":1.301079444},
{"learn":[1.651184186],"iteration":192,"passed_time":0.3095556639,"remaining_time":1.294359693},
{"learn":[1.635400025],"iteration":193,"passed_time":0.3099511242,"remaining_time":1.287735083},
{"learn":[1.619694925],"iteration":194,"passed_time":0.3103169194,"remaining_time":1.281051898},
{"learn":[1.606848651],"iteration":195,"passed_time":0.3108053482,"remaining_time":1.274936224},
{"learn":[1.594960807],"iteration":196,"passed_time":0.3112667344,"remaining_time":1.26876745},
{"learn":[1.583013616],"iteration":197,"passed_time":0.3148431189,"remaining_time":1.275273643},
{"learn":[1.568803053],"iteration":198,"passed_time":0.3193278399,"remaining_time":1.285334672},
{"learn":[1.55733667],"iteration":199,"passed_time":0.3245763917,"remaining_time":1.298305567},
{"learn":[1.545067306],"iteration":200,"passed_time":0.3264564109,"remaining_time":1.297704837},
{"learn":[1.533207903],"iteration":201,"passed_time":0.3287431642,"remaining_time":1.298698243},
{"learn":[1.519260326],"iteration":202,"passed_time":0.3304047793,"remaining_time":1.297204971},
{"learn":[1.51145496],"iteration":203,"passed_time":0.331261283,"remaining_time":1.292568535},
{"learn":[1.49949654],"iteration":204,"passed_time":0.332216281,"remaining_time":1.288350944},
{"learn":[1.487800414],"iteration":205,"passed_time":0.3336988877,"remaining_time":1.286198625},
{"learn":[1.47809723],"iteration":206,"passed_time":0.3347575216,"remaining_time":1.282428573},
{"learn":[1.466276528],"iteration":207,"passed_time":0.3360522878,"remaining_time":1.279583711},
{"learn":[1.452351109],"iteration":208,"passed_time":0.337028858,"remaining_time":1.27554941},
{"learn":[1.43951457],"iteration":209,"passed_time":0.3379863442,"remaining_time":1.271472438},
{"learn":[1.424524817],"iteration":210,"passed_time":0.3387770489,"remaining_time":1.266801382},
{"learn":[1.416688956],"iteration":211,"passed_time":0.3396373266,"remaining_time":1.262425535},
{"learn":[1.405329431],"iteration":212,"passed_time":0.340621014,"remaining_time":1.258538676},
{"learn":[1.396151707],"iteration":213,"passed_time":0.3414540839,"remaining_time":1.254125747},
{"learn":[1.388852829],"iteration":214,"passed_time":0.3421802591,"remaining_time":1.24935583},
{"learn":[1.377315538],"iteration":215,"passed_time":0.3428000628,"remaining_time":1.244237265},
{"learn":[1.365987521],"iteration":216,"passed_time":0.3434041485,"remaining_time":1.239103448},
{"learn":[1.352295101],"iteration":217,"passed_time":0.344003645,"remaining_time":1.233994727},
{"learn":[1.34156734],"iteration":218,"passed_time":0.3446048354,"remaining_time":1.228933226},
{"learn":[1.331362116],"iteration":219,"passed_time":0.3452288737,"remaining_time":1.223993279},
{"learn":[1.321779837],"iteration":220,"passed_time":0.3459187381,"remaining_time":1.219324421},
{"learn":[1.311804223],"iteration":221,"passed_time":0.346756176,"remaining_time":1.215208581},
{"learn":[1.303165858],"iteration":222,"passed_time":0.3475565215,"remaining_time":1.210992902},
{"learn":[1.293875728],"iteration":223,"passed_time":0.3482569543,"remaining_time":1.206461592},
{"learn":[1.283307039],"iteration":224,"passed_time":0.3489656982,"remaining_time":1.201992961},
{"learn":[1.273347756],"iteration":225,"passed_time":0.3494283829,"remaining_time":1.196714904},
{"learn":[1.266726762],"iteration":226,"passed_time":0.3499150993,"remaining_time":1.191561109},
{"learn":[1.256830783],"iteration":227,"passed_time":0.3503338127,"remaining_time":1.186217998},
{"learn":[1.248341947],"iteration":228,"passed_time":0.3542315716,"remaining_time":1.192631186},
{"learn":[1.239206886],"iteration":229,"passed_time":0.3590424057,"remaining_time":1.202011532},
{"learn":[1.231551099],"iteration":230,"passed_time":0.3652037961,"remaining_time":1.215765018},
{"learn":[1.225303879],"iteration":231,"passed_time":0.3683577883,"remaining_time":1.219391299},
{"learn":[1.217633487],"iteration":232,"passed_time":0.3705222572,"remaining_time":1.219702023},
{"learn":[1.207066196],"iteration":233,"passed_time":0.3720597552,"remaining_time":1.217939199},
{"learn":[1.197402665],"iteration":234,"passed_time":0.3732916196,"remaining_time":1.215183358},
{"learn":[1.191907162],"iteration":235,"passed_time":0.3742891616,"remaining_time":1.211681862},
{"learn":[1.184496899],"iteration":236,"passed_time":0.3756899603,"remaining_time":1.209499745},
{"learn":[1.173919813],"iteration":237,"passed_time":0.3768699682,"remaining_time":1.206617293},
{"learn":[1.164231087],"iteration":238,"passed_time":0.3785238867,"remaining_time":1.205258066},
{"learn":[1.155229076],"iteration":239,"passed_time":0.3798931632,"remaining_time":1.202995017},
{"learn":[1.146680706],"iteration":240,"passed_time":0.3808648332,"remaining_time":1.199487172},
{"learn":[1.140810187],"iteration":241,"passed_time":0.3817568179,"remaining_time":1.195750694},
{"learn":[1.131014792],"iteration":242,"passed_time":0.3825572922,"remaining_time":1.191752552},
{"learn":[1.121895379],"iteration":243,"passed_time":0.3834082509,"remaining_time":1.18793704},
{"learn":[1.115350508],"iteration":244,"passed_time":0.3840742083,"remaining_time":1.183575622},
{"learn":[1.107996312],"iteration":245,"passed_time":0.3847594682,"remaining_time":1.179303411},
{"learn":[1.101787572],"iteration":246,"passed_time":0.3856697597,"remaining_time":1.175746272},
{"learn":[1.093840177],"iteration":247,"passed_time":0.386332732,"remaining_time":1.171460542},
{"learn":[1.084182778],"iteration":248,"passed_time":0.3869633417,"remaining_time":1.167106304},
{"learn":[1.077639413],"iteration":249,"passed_time":0.3876015356,"remaining_time":1.162804607},
{"learn":[1.067859874],"iteration":250,"passed_time":0.3882197896,"remaining_time":1.158472599},
{"learn":[1.058790217],"iteration":251,"passed_time":0.389002181,"remaining_time":1.154657267},
{"learn":[1.052773448],"iteration":252,"passed_time":0.3897047267,"remaining_time":1.150630161},
{"learn":[1.047042804],"iteration":253,"passed_time":0.3903008065,"remaining_time":1.146316542},
{"learn":[1.041003182],"iteration":254,"passed_time":0.391101326,"remaining_time":1.142629364},
{"learn":[1.035131181],"iteration":255,"passed_time":0.3918601704,"remaining_time":1.13884362},
{"learn":[1.026052418],"iteration":256,"passed_time":0.39273816,"remaining_time":1.135425887},
{"learn":[1.021085148],"iteration":257,"passed_time":0.393390378,"remaining_time":1.131378529},
{"learn":[1.012839325],"iteration":258,"passed_time":0.3941081067,"remaining_time":1.127544815},
{"learn":[1.004600854],"iteration":259,"passed_time":0.3946738278,"remaining_time":1.123302433},
{"learn":[1.00002191],"iteration":260,"passed_time":0.3952702984,"remaining_time":1.119175289},
{"learn":[0.9956892347],"iteration":261,"passed_time":0.3957425196,"remaining_time":1.114725112},
{"learn":[0.9878243559],"iteration":262,"passed_time":0.3962288029,"remaining_time":1.110344592},
{"learn":[0.9806145827],"iteration":263,"passed_time":0.3967566192,"remaining_time":1.106109363},
{"learn":[0.9761658216],"iteration":264,"passed_time":0.3973498517,"remaining_time":1.102083551},
{"learn":[0.9671438311],"iteration":265,"passed_time":0.3980700839,"remaining_time":1.098433991},
{"learn":[0.9595238615],"iteration":266,"passed_time":0.3986907545,"remaining_time":1.094533045},
{"learn":[0.9535265149],"iteration":267,"passed_time":0.3995156508,"remaining_time":1.091214389},
{"learn":[0.9465025051],"iteration":268,"passed_time":0.4000777539,"remaining_time":1.087200142},
{"learn":[0.9428057316],"iteration":269,"passed_time":0.4005339379,"remaining_time":1.082925091},
{"learn":[0.9377162193],"iteration":270,"passed_time":0.4009698456,"remaining_time":1.078623681},
{"learn":[0.9294724032],"iteration":271,"passed_time":0.4013405111,"remaining_time":1.074176074},
{"learn":[0.925556724],"iteration":272,"passed_time":0.4017226563,"remaining_time":1.069788905},
{"learn":[0.9206790005],"iteration":273,"passed_time":0.402112451,"remaining_time":1.065451239},
{"learn":[0.9163252857],"iteration":274,"passed_time":0.4025283481,"remaining_time":1.0612111},
{"learn":[0.9088878521],"iteration":275,"passed_time":0.403066779,"remaining_time":1.057320101},
{"learn":[0.9050327934],"iteration":276,"passed_time":0.4034952548,"remaining_time":1.053166315},
{"learn":[0.9009289195],"iteration":277,"passed_time":0.403918251,"remaining_time":1.049025098},
{"learn":[0.8966563369],"iteration":278,"passed_time":0.4043534278,"remaining_time":1.044942012},
{"learn":[0.8926228345],"iteration":279,"passed_time":0.404788066,"remaining_time":1.040883598},
{"learn":[0.8890188676],"iteration":280,"passed_time":0.4056145628,"remaining_time":1.037853632},
{"learn":[0.8823932369],"iteration":281,"passed_time":0.4062509613,"remaining_time":1.034355284},
{"learn":[0.8784522729],"iteration":282,"passed_time":0.4067046608,"remaining_time":1.030414282},
{"learn":[0.8745079915],"iteration":283,"passed_time":0.4071885684,"remaining_time":1.026573996},
{"learn":[0.8696394645],"iteration":284,"passed_time":0.4075937157,"remaining_time":1.022559673},
{"learn":[0.8627213812],"iteration":285,"passed_time":0.4079394622,"remaining_time":1.018422294},
{"learn":[0.855403463],"iteration":286,"passed_time":0.4082844588,"remaining_time":1.014309474},
{"learn":[0.8470799774],"iteration":287,"passed_time":0.4086701885,"remaining_time":1.010323522},
{"learn":[0.8431102639],"iteration":288,"passed_time":0.4090032692,"remaining_time":1.006232956},
{"learn":[0.8389562147],"iteration":289,"passed_time":0.4093938955,"remaining_time":1.002309192},
{"learn":[0.8337345375],"iteration":290,"passed_time":0.4097525236,"remaining_time":0.9983317499},
{"learn":[0.8296928877],"iteration":291,"passed_time":0.4101123967,"remaining_time":0.9943821125},
{"learn":[0.8262184296],"iteration":292,"passed_time":0.4104504338,"remaining_time":0.9904042891},
{"learn":[0.8200747683],"iteration":293,"passed_time":0.4107851884,"remaining_time":0.9864433436},
{"learn":[0.8165575206],"iteration":294,"passed_time":0.4111366095,"remaining_time":0.9825468126},
{"learn":[0.8130427781],"iteration":295,"passed_time":0.4114864265,"remaining_time":0.9786704198},
{"learn":[0.8095735339],"iteration":296,"passed_time":0.4118291344,"remaining_time":0.9748009478},
{"learn":[0.8048714978],"iteration":297,"passed_time":0.4122169288,"remaining_time":0.9710613559},
{"learn":[0.8016275816],"iteration":298,"passed_time":0.4125626155,"remaining_time":0.9672454631},
{"learn":[0.7984416702],"iteration":299,"passed_time":0.4129306242,"remaining_time":0.9635047897},
{"learn":[0.7930947465],"iteration":300,"passed_time":0.4133853981,"remaining_time":0.9599880176},
{"learn":[0.7875481907],"iteration":301,"passed_time":0.413812901,"remaining_time":0.956428493},
{"learn":[0.782662184],"iteration":302,"passed_time":0.4141697772,"remaining_time":0.9527271772},
{"learn":[0.7792099801],"iteration":303,"passed_time":0.4145153587,"remaining_time":0.9490220054},
{"learn":[0.7736935759],"iteration":304,"passed_time":0.4148552384,"remaining_time":0.945325871},
{"learn":[0.766765947],"iteration":305,"passed_time":0.4151924358,"remaining_time":0.9416455897},
{"learn":[0.7634252296],"iteration":306,"passed_time":0.4155560484,"remaining_time":0.9380467152},
{"learn":[0.7589545703],"iteration":307,"passed_time":0.4215458604,"remaining_time":0.9471095306},
{"learn":[0.7544212507],"iteration":308,"passed_time":0.4271126663,"remaining_time":0.9551289722},
{"learn":[0.7511487866],"iteration":309,"passed_time":0.4326283094,"remaining_time":0.9629468821},
{"learn":[0.7479366553],"iteration":310,"passed_time":0.4344133406,"remaining_time":0.9624141212},
{"learn":[0.7444391872],"iteration":311,"passed_time":0.4358094567,"remaining_time":0.961015725},
{"learn":[0.7415205898],"iteration":312,"passed_time":0.437056252,"remaining_time":0.959289601},
{"learn":[0.7358592323],"iteration":313,"passed_time":0.4379958839,"remaining_time":0.9568954662},
{"learn":[0.7331119001],"iteration":314,"passed_time":0.4388984189,"remaining_time":0.9544298951},
{"learn":[0.7298824303],"iteration":315,"passed_time":0.4398013629,"remaining_time":0.9519751019},
{"learn":[0.7243251111],"iteration":316,"passed_time":0.4407124097,"remaining_time":0.9495475579},
{"learn":[0.7208648624],"iteration":317,"passed_time":0.4416133778,"remaining_time":0.9471079361},
{"learn":[0.715360768],"iteration":318,"passed_time":0.4424664548,"remaining_time":0.9445757232},
{"learn":[0.7120437039],"iteration":319,"passed_time":0.4431762428,"remaining_time":0.941749516},
{"learn":[0.7083613406],"iteration":320,"passed_time":0.44450369,"remaining_time":0.9402430078},
{"learn":[0.7057481409],"iteration":321,"passed_time":0.4461900237,"remaining_time":0.9394932798},
{"learn":[0.7030280956],"iteration":322,"passed_time":0.4472354432,"remaining_time":0.937394412},
{"learn":[0.6996230147],"iteration":323,"passed_time":0.4481926729,"remaining_time":0.9351180459},
{"learn":[0.6946288014],"iteration":324,"passed_time":0.4490678587,"remaining_time":0.9326793989},
{"learn":[0.6899587416],"iteration":325,"passed_time":0.450086339,"remaining_time":0.9305466026},
{"learn":[0.6875984798],"iteration":326,"passed_time":0.4510866176,"remaining_time":0.9283831609},
{"learn":[0.6851815541],"iteration":327,"passed_time":0.4519013327,"remaining_time":0.9258466328},
{"learn":[0.6827240097],"iteration":328,"passed_time":0.4528817113,"remaining_time":0.9236584446},
{"learn":[0.6799024037],"iteration":329,"passed_time":0.4538266632,"remaining_time":0.9214056496},
{"learn":[0.6766875441],"iteration":330,"passed_time":0.4546766454,"remaining_time":0.9189688089},
{"learn":[0.6735088759],"iteration":331,"passed_time":0.4553668907,"remaining_time":0.9162201294},
{"learn":[0.6708951377],"iteration":332,"passed_time":0.4560528741,"remaining_time":0.9134752764},
{"learn":[0.6684738044],"iteration":333,"passed_time":0.4567763998,"remaining_time":0.9108176115},
{"learn":[0.665547571],"iteration":334,"passed_time":0.4581240054,"remaining_time":0.909410339},
{"learn":[0.6631639342],"iteration":335,"passed_time":0.4593835182,"remaining_time":0.9078293335},
{"learn":[0.6607486546],"iteration":336,"passed_time":0.4604072286,"remaining_time":0.9057863282},
{"learn":[0.6577906839],"iteration":337,"passed_time":0.4614369003,"remaining_time":0.9037610295},
{"learn":[0.6549363681],"iteration":338,"passed_time":0.4622840152,"remaining_time":0.9013856461},
{"learn":[0.6519666479],"iteration":339,"passed_time":0.4631198109,"remaining_time":0.89899728},
{"learn":[0.6491701763],"iteration":340,"passed_time":0.4638526545,"remaining_time":0.8964190596},
{"learn":[0.6463191465],"iteration":341,"passed_time":0.464489354,"remaining_time":0.8936666519},
{"learn":[0.6434422337],"iteration":342,"passed_time":0.4652349242,"remaining_time":0.8911351172},
{"learn":[0.6406229777],"iteration":343,"passed_time":0.4658942187,"remaining_time":0.8884494402},
{"learn":[0.6378317319],"iteration":344,"passed_time":0.4664422096,"remaining_time":0.8855641951},
{"learn":[0.6357081161],"iteration":345,"passed_time":0.4670098758,"remaining_time":0.8827296496},
{"learn":[0.633202056],"iteration":346,"passed_time":0.4676109084,"remaining_time":0.8799709601},
{"learn":[0.6309237873],"iteration":347,"passed_time":0.468148145,"remaining_time":0.8771051453},
{"learn":[0.6281802432],"iteration":348,"passed_time":0.4687629542,"remaining_time":0.874397373},
{"learn":[0.6254928483],"iteration":349,"passed_time":0.4693577156,"remaining_time":0.8716643289},
{"learn":[0.6228022361],"iteration":350,"passed_time":0.469906947,"remaining_time":0.8688592838},
{"learn":[0.6201429857],"iteration":351,"passed_time":0.4705432004,"remaining_time":0.8662272553},
{"learn":[0.6176217706],"iteration":352,"passed_time":0.4712206466,"remaining_time":0.8636820351},
{"learn":[0.6155772024],"iteration":353,"passed_time":0.4718751742,"remaining_time":0.8611055439},
{"learn":[0.6135392658],"iteration":354,"passed_time":0.4727984997,"remaining_time":0.85902826},
{"learn":[0.6115300647],"iteration":355,"passed_time":0.4733411017,"remaining_time":0.8562687346},
{"learn":[0.6089841518],"iteration":356,"passed_time":0.4740120482,"remaining_time":0.8537527927},
{"learn":[0.6070279814],"iteration":357,"passed_time":0.4749593614,"remaining_time":0.8517427654},
{"learn":[0.6050561975],"iteration":358,"passed_time":0.4758380315,"remaining_time":0.8496160953},
{"learn":[0.6026812653],"iteration":359,"passed_time":0.4765557683,"remaining_time":0.8472102548},
{"learn":[0.6002011202],"iteration":360,"passed_time":0.4770339243,"remaining_time":0.8443896887},
{"learn":[0.5982938372],"iteration":361,"passed_time":0.4774607761,"remaining_time":0.841491644},
{"learn":[0.595877817],"iteration":362,"passed_time":0.4778187595,"remaining_time":0.838486363},
{"learn":[0.5941140896],"iteration":363,"passed_time":0.4781744886,"remaining_time":0.8354916889},
{"learn":[0.5917432525],"iteration":364,"passed_time":0.4785889992,"remaining_time":0.8326137384},
{"learn":[0.5899053513],"iteration":365,"passed_time":0.4789428432,"remaining_time":0.8296441601},
{"learn":[0.5881897368],"iteration":366,"passed_time":0.4793136375,"remaining_time":0.8267180722},
{"learn":[0.5839768448],"iteration":367,"passed_time":0.4797004571,"remaining_time":0.8238333937},
{"learn":[0.5816307742],"iteration":368,"passed_time":0.480053086,"remaining_time":0.8209037866},
{"learn":[0.5794397743],"iteration":369,"passed_time":0.4804003577,"remaining_time":0.8179789874},
{"learn":[0.5772741612],"iteration":370,"passed_time":0.4807333604,"remaining_time":0.8150438914},
{"learn":[0.5731504466],"iteration":371,"passed_time":0.4811057533,"remaining_time":0.8121892825},
{"learn":[0.5709363507],"iteration":372,"passed_time":0.4815008826,"remaining_time":0.8093862021},
{"learn":[0.5668791575],"iteration":373,"passed_time":0.4818643347,"remaining_time":0.8065429774},
{"learn":[0.5647820432],"iteration":374,"passed_time":0.4822086884,"remaining_time":0.8036811474},
{"learn":[0.5627093282],"iteration":375,"passed_time":0.4825606227,"remaining_time":0.8008452888},
{"learn":[0.5606692511],"iteration":376,"passed_time":0.4830649482,"remaining_time":0.7982744369},
{"learn":[0.5567249507],"iteration":377,"passed_time":0.4835740205,"remaining_time":0.7957223301},
{"learn":[0.5528240608],"iteration":378,"passed_time":0.4840836941,"remaining_time":0.7931819895},
{"learn":[0.5489660302],"iteration":379,"passed_time":0.4845733543,"remaining_time":0.7906196833},
{"learn":[0.5473417803],"iteration":380,"passed_time":0.4851591078,"remaining_time":0.7882243772},
{"learn":[0.5458189829],"iteration":381,"passed_time":0.4857400907,"remaining_time":0.7858308274},
{"learn":[0.542024124],"iteration":382,"passed_time":0.4878258518,"remaining_time":0.7858708892},
{"learn":[0.5404403407],"iteration":383,"passed_time":0.4887319813,"remaining_time":0.7840075533},
{"learn":[0.5389557034],"iteration":384,"passed_time":0.4893610884,"remaining_time":0.7817066737},
{"learn":[0.535139655],"iteration":385,"passed_time":0.48991771,"remaining_time":0.7792991554},
{"learn":[0.5336776074],"iteration":386,"passed_time":0.4904969511,"remaining_time":0.7769370311},
{"learn":[0.529915916],"iteration":387,"passed_time":0.491000163,"remaining_time":0.7744641746},
{"learn":[0.5278726055],"iteration":388,"passed_time":0.491574415,"remaining_time":0.7721130272},
{"learn":[0.525850728],"iteration":389,"passed_time":0.4920743054,"remaining_time":0.7696546828},
{"learn":[0.5221605112],"iteration":390,"passed_time":0.4925998057,"remaining_time":0.7672462447},
{"learn":[0.5203134156],"iteration":391,"passed_time":0.4930479739,"remaining_time":0.7647274697},
{"learn":[0.5167155952],"iteration":392,"passed_time":0.4934610926,"remaining_time":0.7621650972},
{"learn":[0.5131568974],"iteration":393,"passed_time":0.4939828435,"remaining_time":0.7597807186},
{"learn":[0.5117060772],"iteration":394,"passed_time":0.4944672489,"remaining_time":0.7573485711},
{"learn":[0.5081954688],"iteration":395,"passed_time":0.4948666155,"remaining_time":0.754796555},
{"learn":[0.5068397779],"iteration":396,"passed_time":0.4952629291,"remaining_time":0.7522507461},
{"learn":[0.5033761598],"iteration":397,"passed_time":0.4962359374,"remaining_time":0.750588026},
{"learn":[0.5020420759],"iteration":398,"passed_time":0.4969176269,"remaining_time":0.7484899593},
{"learn":[0.4986247072],"iteration":399,"passed_time":0.4979790523,"remaining_time":0.7469685784},
{"learn":[0.4944521132],"iteration":400,"passed_time":0.4983366766,"remaining_time":0.7443981777},
{"learn":[0.4931459941],"iteration":401,"passed_time":0.498783879,"remaining_time":0.7419720389},
{"learn":[0.4898099581],"iteration":402,"passed_time":0.499177007,"remaining_time":0.7394756159},
{"learn":[0.4885246349],"iteration":403,"passed_time":0.4995426962,"remaining_time":0.736949126},
{"learn":[0.4843920842],"iteration":404,"passed_time":0.5002493205,"remaining_time":0.7349341869},
{"learn":[0.4831260725],"iteration":405,"passed_time":0.5008701225,"remaining_time":0.73280013},
{"learn":[0.4818720448],"iteration":406,"passed_time":0.5013885056,"remaining_time":0.7305242846},
{"learn":[0.4806299092],"iteration":407,"passed_time":0.5019026486,"remaining_time":0.7282509019},
{"learn":[0.4773987142],"iteration":408,"passed_time":0.5026260283,"remaining_time":0.7262884663},
{"learn":[0.4761764176],"iteration":409,"passed_time":0.5032380799,"remaining_time":0.7241718711},
{"learn":[0.4721636497],"iteration":410,"passed_time":0.5036767161,"remaining_time":0.7218140773},
{"learn":[0.4709598066],"iteration":411,"passed_time":0.5042834128,"remaining_time":0.7197054533},
{"learn":[0.4678138076],"iteration":412,"passed_time":0.5047165581,"remaining_time":0.7173574324},
{"learn":[0.4666291995],"iteration":413,"passed_time":0.5051018602,"remaining_time":0.7149509422},
{"learn":[0.4635244496],"iteration":414,"passed_time":0.5055335555,"remaining_time":0.7126195903},
{"learn":[0.4596478565],"iteration":415,"passed_time":0.5059441806,"remaining_time":0.710267792},
{"learn":[0.4584887077],"iteration":416,"passed_time":0.50633358,"remaining_time":0.7078956286},
{"learn":[0.4573406634],"iteration":417,"passed_time":0.5067273341,"remaining_time":0.7055390155},
{"learn":[0.455369651],"iteration":418,"passed_time":0.5071256784,"remaining_time":0.7031981364},
{"learn":[0.4523587046],"iteration":419,"passed_time":0.5075001496,"remaining_time":0.7008335399},
{"learn":[0.4504258775],"iteration":420,"passed_time":0.5079418343,"remaining_time":0.6985708363},
{"learn":[0.4474591014],"iteration":421,"passed_time":0.5085475014,"remaining_time":0.6965413645},
{"learn":[0.4448101072],"iteration":422,"passed_time":0.5090911481,"remaining_time":0.6944340247},
{"learn":[0.4421867354],"iteration":423,"passed_time":0.5097880926,"remaining_time":0.6925423145},
{"learn":[0.439588693],"iteration":424,"passed_time":0.5103631607,"remaining_time":0.6904913351},
{"learn":[0.4383005935],"iteration":425,"passed_time":0.5108267013,"remaining_time":0.6882970107},
{"learn":[0.4354493958],"iteration":426,"passed_time":0.5113165347,"remaining_time":0.6861460759},
{"learn":[0.4339405041],"iteration":427,"passed_time":0.5118947403,"remaining_time":0.684121008},
{"learn":[0.4305184122],"iteration":428,"passed_time":0.5124384522,"remaining_time":0.6820567744},
{"learn":[0.4292714441],"iteration":429,"passed_time":0.5128188863,"remaining_time":0.6797831749},
{"learn":[0.4274500958],"iteration":430,"passed_time":0.513249902,"remaining_time":0.6775851375},
{"learn":[0.4249581702],"iteration":431,"passed_time":0.5141763477,"remaining_time":0.6760466793},
{"learn":[0.4224900905],"iteration":432,"passed_time":0.5147594026,"remaining_time":0.6740613886},
{"learn":[0.419171479],"iteration":433,"passed_time":0.5153027718,"remaining_time":0.6720308037},
{"learn":[0.4179661208],"iteration":434,"passed_time":0.5161088009,"remaining_time":0.6703482127},
{"learn":[0.4165397481],"iteration":435,"passed_time":0.5166045292,"remaining_time":0.6682682442},
{"learn":[0.4151280351],"iteration":436,"passed_time":0.5171594239,"remaining_time":0.6662717521},
{"learn":[0.4127300299],"iteration":437,"passed_time":0.5176199019,"remaining_time":0.6641606961},
{"learn":[0.4094961262],"iteration":438,"passed_time":0.5180331603,"remaining_time":0.6619968176},
{"learn":[0.4081143244],"iteration":439,"passed_time":0.5183897781,"remaining_time":0.6597688085},
{"learn":[0.4063931395],"iteration":440,"passed_time":0.5188039337,"remaining_time":0.6576222198},
{"learn":[0.4040560156],"iteration":441,"passed_time":0.5192484925,"remaining_time":0.6555218525},
{"learn":[0.401741031],"iteration":442,"passed_time":0.5196360339,"remaining_time":0.6533572706},
{"learn":[0.3994479435],"iteration":443,"passed_time":0.5200209185,"remaining_time":0.6511973663},
{"learn":[0.3981142351],"iteration":444,"passed_time":0.5204478219,"remaining_time":0.6490978453},
{"learn":[0.3950057087],"iteration":445,"passed_time":0.5208195084,"remaining_time":0.6469372369},
{"learn":[0.3939062921],"iteration":446,"passed_time":0.521112499,"remaining_time":0.644687275},
{"learn":[0.392819937],"iteration":447,"passed_time":0.5214135144,"remaining_time":0.6424559374},
{"learn":[0.3903455698],"iteration":448,"passed_time":0.5218007408,"remaining_time":0.6403389937},
{"learn":[0.3887111029],"iteration":449,"passed_time":0.522225078,"remaining_time":0.6382750954},
{"learn":[0.3856869497],"iteration":450,"passed_time":0.5226950885,"remaining_time":0.6362740656},
{"learn":[0.3840813935],"iteration":451,"passed_time":0.5231174119,"remaining_time":0.6342219949},
{"learn":[0.3819070392],"iteration":452,"passed_time":0.5235798698,"remaining_time":0.6322255823},
{"learn":[0.379524104],"iteration":453,"passed_time":0.5240018296,"remaining_time":0.6301872223},
{"learn":[0.3765921262],"iteration":454,"passed_time":0.5243712573,"remaining_time":0.6280930445},
{"learn":[0.3755594016],"iteration":455,"passed_time":0.5246721712,"remaining_time":0.6259246955},
{"learn":[0.3740054054],"iteration":456,"passed_time":0.5250588304,"remaining_time":0.6238664002},
{"learn":[0.3716876888],"iteration":457,"passed_time":0.5254576475,"remaining_time":0.6218297924},
{"learn":[0.3693939097],"iteration":458,"passed_time":0.5258328042,"remaining_time":0.6197724337},
{"learn":[0.3681445253],"iteration":459,"passed_time":0.5262521797,"remaining_time":0.6177742979},
{"learn":[0.365196045],"iteration":460,"passed_time":0.5266868179,"remaining_time":0.6158008565},
{"learn":[0.3639659181],"iteration":461,"passed_time":0.5314905638,"remaining_time":0.6189219119},
{"learn":[0.3613106111],"iteration":462,"passed_time":0.5396119878,"remaining_time":0.6258566683},
{"learn":[0.3600996621],"iteration":463,"passed_time":0.5444379813,"remaining_time":0.628919737},
{"learn":[0.3589017374],"iteration":464,"passed_time":0.5468148115,"remaining_time":0.6291310196},
{"learn":[0.356293954],"iteration":465,"passed_time":0.5496330888,"remaining_time":0.6298370589},
{"learn":[0.355114721],"iteration":466,"passed_time":0.5514185236,"remaining_time":0.6293491929},
{"learn":[0.3524093159],"iteration":467,"passed_time":0.5528693805,"remaining_time":0.6284754497},
{"learn":[0.3512491921],"iteration":468,"passed_time":0.5541915059,"remaining_time":0.627453496},
{"learn":[0.3485859086],"iteration":469,"passed_time":0.555035555,"remaining_time":0.6258911578},
{"learn":[0.3474444843],"iteration":470,"passed_time":0.55631448,"remaining_time":0.624820297},
{"learn":[0.3463152813],"iteration":471,"passed_time":0.557661595,"remaining_time":0.6238248351},
{"learn":[0.3438225313],"iteration":472,"passed_time":0.5588296789,"remaining_time":0.6226284161},
{"learn":[0.3427109184],"iteration":473,"passed_time":0.56005058,"remaining_time":0.6214907281},
{"learn":[0.3401310199],"iteration":474,"passed_time":0.5608091011,"remaining_time":0.6198416381},
{"learn":[0.3389856631],"iteration":475,"passed_time":0.5616573115,"remaining_time":0.6182950235},
{"learn":[0.336565568],"iteration":476,"passed_time":0.5624952227,"remaining_time":0.616740045},
{"learn":[0.3354402106],"iteration":477,"passed_time":0.5632983869,"remaining_time":0.6151501212},
{"learn":[0.334327999],"iteration":478,"passed_time":0.5640927576,"remaining_time":0.613553918},
{"learn":[0.3318276887],"iteration":479,"passed_time":0.5648351749,"remaining_time":0.6119047728},
{"learn":[0.3307338907],"iteration":480,"passed_time":0.5655587209,"remaining_time":0.6102390357},
{"learn":[0.3296528967],"iteration":481,"passed_time":0.5661967471,"remaining_time":0.6084853008},
{"learn":[0.3271987096],"iteration":482,"passed_time":0.5668066878,"remaining_time":0.6067061234},
{"learn":[0.32613563],"iteration":483,"passed_time":0.5674186003,"remaining_time":0.6049338796},
{"learn":[0.3237864517],"iteration":484,"passed_time":0.5680256112,"remaining_time":0.603161216},
{"learn":[0.3227425543],"iteration":485,"passed_time":0.5686291202,"remaining_time":0.6013896456},
{"learn":[0.3217109134],"iteration":486,"passed_time":0.5695291267,"remaining_time":0.5999351991},
{"learn":[0.3206914001],"iteration":487,"passed_time":0.5702661636,"remaining_time":0.5983120405},
{"learn":[0.3183160936],"iteration":488,"passed_time":0.5709217372,"remaining_time":0.5966073777},
{"learn":[0.3173135338],"iteration":489,"passed_time":0.5717853055,"remaining_time":0.5951234812},
{"learn":[0.3149767849],"iteration":490,"passed_time":0.5724964514,"remaining_time":0.5934841013},
{"learn":[0.3139908848],"iteration":491,"passed_time":0.5730614933,"remaining_time":0.5916976394},
{"learn":[0.3117528477],"iteration":492,"passed_time":0.5740522223,"remaining_time":0.5903539081},
{"learn":[0.3107848295],"iteration":493,"passed_time":0.5749330229,"remaining_time":0.5888990072},
{"learn":[0.3098282354],"iteration":494,"passed_time":0.5755486572,"remaining_time":0.5871759028},
{"learn":[0.3074470759],"iteration":495,"passed_time":0.5761685932,"remaining_time":0.5854616351},
{"learn":[0.306692017],"iteration":496,"passed_time":0.5767573055,"remaining_time":0.5837201704},
{"learn":[0.3059449747],"iteration":497,"passed_time":0.5773194648,"remaining_time":0.581956569},
{"learn":[0.3052058693],"iteration":498,"passed_time":0.5778101669,"remaining_time":0.5801260393},
{"learn":[0.304474622],"iteration":499,"passed_time":0.5782794447,"remaining_time":0.5782794447},
{"learn":[0.3022426703],"iteration":500,"passed_time":0.5787109967,"remaining_time":0.5764007732},
{"learn":[0.3015228391],"iteration":501,"passed_time":0.5791794698,"remaining_time":0.5745644939},
{"learn":[0.2994305161],"iteration":502,"passed_time":0.5796153598,"remaining_time":0.5727014589},
{"learn":[0.2987219879],"iteration":503,"passed_time":0.5800518111,"remaining_time":0.5708446395},
{"learn":[0.2980210172],"iteration":504,"passed_time":0.5805349588,"remaining_time":0.5690392171},
{"learn":[0.2959641844],"iteration":505,"passed_time":0.5809872972,"remaining_time":0.5672089424},
{"learn":[0.2952742339],"iteration":506,"passed_time":0.5814123781,"remaining_time":0.5653575984},
{"learn":[0.293133571],"iteration":507,"passed_time":0.581829239,"remaining_time":0.5635039087},
{"learn":[0.292454472],"iteration":508,"passed_time":0.5822751974,"remaining_time":0.561683933},
{"learn":[0.2904086955],"iteration":509,"passed_time":0.5827068451,"remaining_time":0.5598555963},
{"learn":[0.2897402918],"iteration":510,"passed_time":0.5834282108,"remaining_time":0.5583099708},
{"learn":[0.2890790458],"iteration":511,"passed_time":0.5838797775,"remaining_time":0.5565104129},
{"learn":[0.2870001839],"iteration":512,"passed_time":0.5844192938,"remaining_time":0.5547996025},
{"learn":[0.2858721671],"iteration":513,"passed_time":0.5852666187,"remaining_time":0.5533843904},
{"learn":[0.2838888566],"iteration":514,"passed_time":0.5857590155,"remaining_time":0.5516371311},
{"learn":[0.2828972473],"iteration":515,"passed_time":0.5863355548,"remaining_time":0.54997366},
{"learn":[0.2808775044],"iteration":516,"passed_time":0.586908142,"remaining_time":0.5483107013},
{"learn":[0.2789878519],"iteration":517,"passed_time":0.5873459775,"remaining_time":0.5465265659},
{"learn":[0.2781581478],"iteration":518,"passed_time":0.5877373582,"remaining_time":0.5447045651},
{"learn":[0.2770698914],"iteration":519,"passed_time":0.5881080309,"remaining_time":0.5428689516},
{"learn":[0.2751073897],"iteration":520,"passed_time":0.5885151523,"remaining_time":0.541072472},
{"learn":[0.274039294],"iteration":521,"passed_time":0.5888870455,"remaining_time":0.539249057},
{"learn":[0.2729875125],"iteration":522,"passed_time":0.5893390094,"remaining_time":0.5375042208},
{"learn":[0.2713024909],"iteration":523,"passed_time":0.5898478506,"remaining_time":0.5358159864},
{"learn":[0.270359173],"iteration":524,"passed_time":0.5904632999,"remaining_time":0.5342286999},
{"learn":[0.2686995978],"iteration":525,"passed_time":0.5910922855,"remaining_time":0.5326573067},
{"learn":[0.2670608659],"iteration":526,"passed_time":0.5917928644,"remaining_time":0.5311537474},
{"learn":[0.2662725423],"iteration":527,"passed_time":0.592173849,"remaining_time":0.5293675316},
{"learn":[0.2652535179],"iteration":528,"passed_time":0.5925418032,"remaining_time":0.5275750271},
{"learn":[0.2633981965],"iteration":529,"passed_time":0.592929458,"remaining_time":0.5258053684},
{"learn":[0.2623981268],"iteration":530,"passed_time":0.5933909684,"remaining_time":0.5241061472},
{"learn":[0.2608096783],"iteration":531,"passed_time":0.5938225127,"remaining_time":0.5223852179},
{"learn":[0.2600443544],"iteration":532,"passed_time":0.5942642028,"remaining_time":0.5206780164},
{"learn":[0.2590657416],"iteration":533,"passed_time":0.5946820186,"remaining_time":0.5189547204},
{"learn":[0.2575041583],"iteration":534,"passed_time":0.5951757376,"remaining_time":0.5173022766},
{"learn":[0.2555358606],"iteration":535,"passed_time":0.5956783437,"remaining_time":0.5156618498},
{"learn":[0.2545811224],"iteration":536,"passed_time":0.5961543888,"remaining_time":0.5140027598},
{"learn":[0.2536409594],"iteration":537,"passed_time":0.5965633499,"remaining_time":0.5122904603},
{"learn":[0.2517094493],"iteration":538,"passed_time":0.5971172685,"remaining_time":0.5107069773},
{"learn":[0.2507892499],"iteration":539,"passed_time":0.5975640157,"remaining_time":0.5090360134},
{"learn":[0.2498830825],"iteration":540,"passed_time":0.5979751568,"remaining_time":0.5073393659},
{"learn":[0.2479875234],"iteration":541,"passed_time":0.5984526998,"remaining_time":0.5057035729},
{"learn":[0.2471006167],"iteration":542,"passed_time":0.5988977922,"remaining_time":0.5040447349},
{"learn":[0.2452749697],"iteration":543,"passed_time":0.6001460682,"remaining_time":0.503063616},
{"learn":[0.2434218511],"iteration":544,"passed_time":0.6008354195,"remaining_time":0.5016148915},
{"learn":[0.2425605371],"iteration":545,"passed_time":0.6014911213,"remaining_time":0.500140969},
{"learn":[0.2417123229],"iteration":546,"passed_time":0.6019883793,"remaining_time":0.4985388224},
{"learn":[0.2398935729],"iteration":547,"passed_time":0.6024683316,"remaining_time":0.4969264341},
{"learn":[0.2394043325],"iteration":548,"passed_time":0.602934404,"remaining_time":0.495306769},
{"learn":[0.2389202514],"iteration":549,"passed_time":0.6034017912,"remaining_time":0.4936923746},
{"learn":[0.2384412027],"iteration":550,"passed_time":0.6038723638,"remaining_time":0.4920847393},
{"learn":[0.236684537],"iteration":551,"passed_time":0.6042612813,"remaining_time":0.4904149529},
{"learn":[0.2349123048],"iteration":552,"passed_time":0.6046533634,"remaining_time":0.488752357},
{"learn":[0.2344440505],"iteration":553,"passed_time":0.6050298213,"remaining_time":0.4870817695},
{"learn":[0.2339806248],"iteration":554,"passed_time":0.6054383935,"remaining_time":0.4854415948},
{"learn":[0.2335219897],"iteration":555,"passed_time":0.60581646,"remaining_time":0.4837814897},
{"learn":[0.232322061],"iteration":556,"passed_time":0.6062073139,"remaining_time":0.4821361581},
{"learn":[0.2305904014],"iteration":557,"passed_time":0.6066329003,"remaining_time":0.480522835},
{"learn":[0.230142295],"iteration":558,"passed_time":0.607029109,"remaining_time":0.4788905851},
{"learn":[0.2296988169],"iteration":559,"passed_time":0.6074407824,"remaining_time":0.4772749004},
{"learn":[0.2285217273],"iteration":560,"passed_time":0.60782945,"remaining_time":0.4756455054},
{"learn":[0.2280849492],"iteration":561,"passed_time":0.6082610487,"remaining_time":0.4740539846},
{"learn":[0.2263927016],"iteration":562,"passed_time":0.6087024406,"remaining_time":0.4724741857},
{"learn":[0.2259638132],"iteration":563,"passed_time":0.6090740899,"remaining_time":0.4708445092},
{"learn":[0.2248087754],"iteration":564,"passed_time":0.6094658514,"remaining_time":0.4692347706},
{"learn":[0.2243864485],"iteration":565,"passed_time":0.6098897589,"remaining_time":0.4676539848},
{"learn":[0.2232440852],"iteration":566,"passed_time":0.6103331656,"remaining_time":0.4660921706},
{"learn":[0.221593792],"iteration":567,"passed_time":0.6108508868,"remaining_time":0.4645908153},
{"learn":[0.2211811022],"iteration":568,"passed_time":0.6113755973,"remaining_time":0.4630982117},
{"learn":[0.2207727344],"iteration":569,"passed_time":0.6117705498,"remaining_time":0.4615111165},
{"learn":[0.2196518474],"iteration":570,"passed_time":0.6125605499,"remaining_time":0.4602250016},
{"learn":[0.2192492571],"iteration":571,"passed_time":0.6130632431,"remaining_time":0.4587256435},
{"learn":[0.2176360792],"iteration":572,"passed_time":0.6134907985,"remaining_time":0.4571737713},
{"learn":[0.217248312],"iteration":573,"passed_time":0.613982868,"remaining_time":0.4556736965},
{"learn":[0.2156541959],"iteration":574,"passed_time":0.6144127666,"remaining_time":0.4541311753},
{"learn":[0.2140752728],"iteration":575,"passed_time":0.6147884918,"remaining_time":0.4525526398},
{"learn":[0.2128690088],"iteration":576,"passed_time":0.6151761285,"remaining_time":0.4509870058},
{"learn":[0.2118228273],"iteration":577,"passed_time":0.6155738946,"remaining_time":0.4494328435},
{"learn":[0.2108385234],"iteration":578,"passed_time":0.6159673618,"remaining_time":0.4478795498},
{"learn":[0.2094209352],"iteration":579,"passed_time":0.6164234207,"remaining_time":0.4463755805},
{"learn":[0.2085045587],"iteration":580,"passed_time":0.616887879,"remaining_time":0.4448812759},
{"learn":[0.2076113475],"iteration":581,"passed_time":0.6173300525,"remaining_time":0.443374505},
{"learn":[0.2067406303],"iteration":582,"passed_time":0.6177487243,"remaining_time":0.4418545764},
{"learn":[0.2063789603],"iteration":583,"passed_time":0.6181351821,"remaining_time":0.4403154722},
{"learn":[0.206021119],"iteration":584,"passed_time":0.6185459622,"remaining_time":0.438797563},
{"learn":[0.2051781886],"iteration":585,"passed_time":0.6189335853,"remaining_time":0.4372670722},
{"learn":[0.2048270723],"iteration":586,"passed_time":0.6192986415,"remaining_time":0.4357245978},
{"learn":[0.2044796602],"iteration":587,"passed_time":0.6197216431,"remaining_time":0.4342267295},
{"learn":[0.2041355481],"iteration":588,"passed_time":0.6201817797,"remaining_time":0.4327584235},
{"learn":[0.2033225331],"iteration":589,"passed_time":0.6205474353,"remaining_time":0.4312278788},
{"learn":[0.2029849141],"iteration":590,"passed_time":0.6209428702,"remaining_time":0.4297218848},
{"learn":[0.2026505085],"iteration":591,"passed_time":0.6213192102,"remaining_time":0.4282064827},
{"learn":[0.2012523706],"iteration":592,"passed_time":0.6217262944,"remaining_time":0.4267160233},
{"learn":[0.2009238256],"iteration":593,"passed_time":0.6221004691,"remaining_time":0.4252067179},
{"learn":[0.2006443533],"iteration":594,"passed_time":0.6223780146,"remaining_time":0.4236354553},
{"learn":[0.1998712648],"iteration":595,"passed_time":0.6227583463,"remaining_time":0.4221382079},
{"learn":[0.1995515506],"iteration":596,"passed_time":0.6231808482,"remaining_time":0.4206731689},
{"learn":[0.1981859635],"iteration":597,"passed_time":0.6236163814,"remaining_time":0.4192203768},
{"learn":[0.197871552],"iteration":598,"passed_time":0.6240015453,"remaining_time":0.4177372616},
{"learn":[0.1975604553],"iteration":599,"passed_time":0.6244828487,"remaining_time":0.4163218991},
{"learn":[0.1962164507],"iteration":600,"passed_time":0.6249181661,"remaining_time":0.4148791153},
{"learn":[0.195937082],"iteration":601,"passed_time":0.6252868104,"remaining_time":0.4133955989},
{"learn":[0.1951810013],"iteration":602,"passed_time":0.6261393215,"remaining_time":0.412234346},
{"learn":[0.1949231433],"iteration":603,"passed_time":0.6266303999,"remaining_time":0.4108371496},
{"learn":[0.1936066001],"iteration":604,"passed_time":0.6271852506,"remaining_time":0.4094845851},
{"learn":[0.1928809239],"iteration":605,"passed_time":0.6277716751,"remaining_time":0.4081551815},
{"learn":[0.1921485351],"iteration":606,"passed_time":0.6282942738,"remaining_time":0.4067869022},
{"learn":[0.190858909],"iteration":607,"passed_time":0.6287635235,"remaining_time":0.4053870086},
{"learn":[0.1901518543],"iteration":608,"passed_time":0.6292647586,"remaining_time":0.4040107071},
{"learn":[0.1898637687],"iteration":609,"passed_time":0.6297560383,"remaining_time":0.4026309098},
{"learn":[0.1885959822],"iteration":610,"passed_time":0.6302518736,"remaining_time":0.4012569212},
{"learn":[0.188312962],"iteration":611,"passed_time":0.6306642624,"remaining_time":0.3998328984},
{"learn":[0.1870630656],"iteration":612,"passed_time":0.6311087944,"remaining_time":0.3984324689},
{"learn":[0.1868086659],"iteration":613,"passed_time":0.6314960556,"remaining_time":0.396999149},
{"learn":[0.186115965],"iteration":614,"passed_time":0.6319423114,"remaining_time":0.3956061624},
{"learn":[0.1848897136],"iteration":615,"passed_time":0.6324394325,"remaining_time":0.3942479579},
{"learn":[0.184213822],"iteration":616,"passed_time":0.6328963347,"remaining_time":0.3928675789},
{"learn":[0.1837521002],"iteration":617,"passed_time":0.6334117128,"remaining_time":0.3915263338},
{"learn":[0.182545749],"iteration":618,"passed_time":0.6339635729,"remaining_time":0.3902102121},
{"learn":[0.1822799126],"iteration":619,"passed_time":0.6343951807,"remaining_time":0.3888228527},
{"learn":[0.1815503608],"iteration":620,"passed_time":0.6347627605,"remaining_time":0.3873994947},
{"learn":[0.1809040368],"iteration":621,"passed_time":0.6352122942,"remaining_time":0.3860293364},
{"learn":[0.1797198407],"iteration":622,"passed_time":0.6356527412,"remaining_time":0.3846566347},
{"learn":[0.1790134393],"iteration":623,"passed_time":0.63610138,"remaining_time":0.3832918572},
{"learn":[0.1783621219],"iteration":624,"passed_time":0.6365425025,"remaining_time":0.3819255015},
{"learn":[0.1772005243],"iteration":625,"passed_time":0.6369820056,"remaining_time":0.3805611343},
{"learn":[0.1765801054],"iteration":626,"passed_time":0.6374503884,"remaining_time":0.3792168977},
{"learn":[0.1758977101],"iteration":627,"passed_time":0.6427455854,"remaining_time":0.3807346461},
{"learn":[0.1748888271],"iteration":628,"passed_time":0.6470427063,"remaining_time":0.3816420414},
{"learn":[0.1741585565],"iteration":629,"passed_time":0.6525465876,"remaining_time":0.3832416467},
{"learn":[0.173162998],"iteration":630,"passed_time":0.6553429619,"remaining_time":0.3832354246},
{"learn":[0.1724844152],"iteration":631,"passed_time":0.6581299833,"remaining_time":0.383214927},
{"learn":[0.1718166938],"iteration":632,"passed_time":0.6595387724,"remaining_time":0.3823866184},
{"learn":[0.1711569931],"iteration":633,"passed_time":0.660802703,"remaining_time":0.3814728538},
{"learn":[0.170569973],"iteration":634,"passed_time":0.6619081317,"remaining_time":0.3804668789},
{"learn":[0.1699296024],"iteration":635,"passed_time":0.6629323863,"remaining_time":0.379414133},
{"learn":[0.1693591197],"iteration":636,"passed_time":0.6638747031,"remaining_time":0.3783147837},
{"learn":[0.1683946042],"iteration":637,"passed_time":0.6648807406,"remaining_time":0.3772520817},
{"learn":[0.1672659661],"iteration":638,"passed_time":0.6656556122,"remaining_time":0.3760589609},
{"learn":[0.16662345],"iteration":639,"passed_time":0.6667510265,"remaining_time":0.3750474524},
{"learn":[0.1659912737],"iteration":640,"passed_time":0.667699884,"remaining_time":0.3739536012},
{"learn":[0.165376582],"iteration":641,"passed_time":0.6692660088,"remaining_time":0.3732044099},
{"learn":[0.1648321716],"iteration":642,"passed_time":0.6702655044,"remaining_time":0.3721380794},
{"learn":[0.16385919],"iteration":643,"passed_time":0.6710789147,"remaining_time":0.3709690895},
{"learn":[0.1627700362],"iteration":644,"passed_time":0.6718206614,"remaining_time":0.3697617594},
{"learn":[0.1621018209],"iteration":645,"passed_time":0.6725379049,"remaining_time":0.3685424432},
{"learn":[0.1611479637],"iteration":646,"passed_time":0.6731767331,"remaining_time":0.3672818961},
{"learn":[0.1602034909],"iteration":647,"passed_time":0.6738781861,"remaining_time":0.3660572863},
{"learn":[0.1591689156],"iteration":648,"passed_time":0.6745213881,"remaining_time":0.3648027846},
{"learn":[0.1586121055],"iteration":649,"passed_time":0.6753833473,"remaining_time":0.3636679563},
{"learn":[0.1576853229],"iteration":650,"passed_time":0.6761286645,"remaining_time":0.3624714346},
{"learn":[0.1571556987],"iteration":651,"passed_time":0.6766702809,"remaining_time":0.3611675732},
{"learn":[0.1569440132],"iteration":652,"passed_time":0.6774688872,"remaining_time":0.3600026093},
{"learn":[0.1564302206],"iteration":653,"passed_time":0.6781504547,"remaining_time":0.358776846},
{"learn":[0.1562225161],"iteration":654,"passed_time":0.6789158849,"remaining_time":0.3575969165},
{"learn":[0.1560170346],"iteration":655,"passed_time":0.679696033,"remaining_time":0.3564259685},
{"learn":[0.1551115819],"iteration":656,"passed_time":0.6805159692,"remaining_time":0.3552769824},
{"learn":[0.1541230248],"iteration":657,"passed_time":0.6812023789,"remaining_time":0.3540595951},
{"learn":[0.1539219817],"iteration":658,"passed_time":0.6820099187,"remaining_time":0.3529064981},
{"learn":[0.1533987742],"iteration":659,"passed_time":0.6826883832,"remaining_time":0.351687955},
{"learn":[0.1525111523],"iteration":660,"passed_time":0.6832685097,"remaining_time":0.3504206124},
{"learn":[0.1516322536],"iteration":661,"passed_time":0.6838761595,"remaining_time":0.3491693987},
{"learn":[0.1514366874],"iteration":662,"passed_time":0.6843975921,"remaining_time":0.3478763025},
{"learn":[0.1505674053],"iteration":663,"passed_time":0.684890902,"remaining_time":0.3465712998},
{"learn":[0.149308596],"iteration":664,"passed_time":0.6853963169,"remaining_time":0.3452748363},
{"learn":[0.1487499982],"iteration":665,"passed_time":0.685907362,"remaining_time":0.3439835719},
{"learn":[0.1474239679],"iteration":666,"passed_time":0.6864412128,"remaining_time":0.3427060328},
{"learn":[0.146879825],"iteration":667,"passed_time":0.6869733108,"remaining_time":0.3414298491},
{"learn":[0.1463443825],"iteration":668,"passed_time":0.6874907517,"remaining_time":0.340148638},
{"learn":[0.145051804],"iteration":669,"passed_time":0.6879534083,"remaining_time":0.3388427235},
{"learn":[0.1438704186],"iteration":670,"passed_time":0.6884412014,"remaining_time":0.3375516472},
{"learn":[0.1433547278],"iteration":671,"passed_time":0.6888840958,"remaining_time":0.3362410468},
{"learn":[0.1421079572],"iteration":672,"passed_time":0.689323855,"remaining_time":0.3349315016},
{"learn":[0.1419343335],"iteration":673,"passed_time":0.6896893098,"remaining_time":0.3335885979},
{"learn":[0.141762662],"iteration":674,"passed_time":0.6901098957,"remaining_time":0.332275135},
{"learn":[0.140538056],"iteration":675,"passed_time":0.6905538519,"remaining_time":0.3309755148},
{"learn":[0.1403597418],"iteration":676,"passed_time":0.6910336474,"remaining_time":0.3296955216},
{"learn":[0.1396592327],"iteration":677,"passed_time":0.6914752795,"remaining_time":0.328399764},
{"learn":[0.138459395],"iteration":678,"passed_time":0.6919428653,"remaining_time":0.327118792},
{"learn":[0.1373621172],"iteration":679,"passed_time":0.6923777628,"remaining_time":0.3258248296},
{"learn":[0.1371967621],"iteration":680,"passed_time":0.692759685,"remaining_time":0.3245085749},
{"learn":[0.1359732086],"iteration":681,"passed_time":0.6932147065,"remaining_time":0.3232291447},
{"learn":[0.1358100598],"iteration":682,"passed_time":0.6936735759,"remaining_time":0.3219539144},
{"learn":[0.1356487471],"iteration":683,"passed_time":0.6940299072,"remaining_time":0.3206336998},
{"learn":[0.1345042647],"iteration":684,"passed_time":0.6945035334,"remaining_time":0.319370238},
{"learn":[0.1343374435],"iteration":685,"passed_time":0.6949401221,"remaining_time":0.3180921258},
{"learn":[0.1335641839],"iteration":686,"passed_time":0.6955250268,"remaining_time":0.316884037},
{"learn":[0.1334075918],"iteration":687,"passed_time":0.6959579784,"remaining_time":0.3156088507},
{"learn":[0.1326428123],"iteration":688,"passed_time":0.6963734412,"remaining_time":0.3143282151},
{"learn":[0.1314700183],"iteration":689,"passed_time":0.7035624439,"remaining_time":0.3160932719},
{"learn":[0.1307182943],"iteration":690,"passed_time":0.7040991066,"remaining_time":0.3148576323},
{"learn":[0.1305579864],"iteration":691,"passed_time":0.7047814095,"remaining_time":0.3136888354},
{"learn":[0.1298145392],"iteration":692,"passed_time":0.7054599066,"remaining_time":0.3125197566},
{"learn":[0.1286744319],"iteration":693,"passed_time":0.7059996741,"remaining_time":0.3112909226},
{"learn":[0.1276379639],"iteration":694,"passed_time":0.7065058294,"remaining_time":0.3100493208},
{"learn":[0.1274884151],"iteration":695,"passed_time":0.7069064963,"remaining_time":0.308763757},
{"learn":[0.1264657472],"iteration":696,"passed_time":0.7073852317,"remaining_time":0.3075146703},
{"learn":[0.1263115448],"iteration":697,"passed_time":0.7078233021,"remaining_time":0.3062501966},
{"learn":[0.1255933735],"iteration":698,"passed_time":0.7082216563,"remaining_time":0.304970985},
{"learn":[0.1249761681],"iteration":699,"passed_time":0.7087744491,"remaining_time":0.3037604782},
{"learn":[0.1239378151],"iteration":700,"passed_time":0.7092176885,"remaining_time":0.3025051196},
{"learn":[0.1237880279],"iteration":701,"passed_time":0.709664594,"remaining_time":0.3012536311},
{"learn":[0.1227684096],"iteration":702,"passed_time":0.7102546891,"remaining_time":0.3000649255},
{"learn":[0.1226268414],"iteration":703,"passed_time":0.7107483672,"remaining_time":0.2988373817},
{"learn":[0.1216516496],"iteration":704,"passed_time":0.7112239742,"remaining_time":0.297604358},
{"learn":[0.1215063144],"iteration":705,"passed_time":0.7117857359,"remaining_time":0.2964093575},
{"learn":[0.1205857775],"iteration":706,"passed_time":0.712286554,"remaining_time":0.2951908915},
{"learn":[0.1204481628],"iteration":707,"passed_time":0.7127028949,"remaining_time":0.293939612},
{"learn":[0.1194155259],"iteration":708,"passed_time":0.7130764466,"remaining_time":0.2926731255},
{"learn":[0.1185165315],"iteration":709,"passed_time":0.7134595276,"remaining_time":0.2914130465},
{"learn":[0.1176291546],"iteration":710,"passed_time":0.7138491338,"remaining_time":0.2901580867},
{"learn":[0.11749403],"iteration":711,"passed_time":0.7141653077,"remaining_time":0.2888758548},
{"learn":[0.1166184167],"iteration":712,"passed_time":0.7146096761,"remaining_time":0.2876479341},
{"learn":[0.1164851184],"iteration":713,"passed_time":0.7149452132,"remaining_time":0.2863786148},
{"learn":[0.1163533397],"iteration":714,"passed_time":0.7152715544,"remaining_time":0.285108242},
{"learn":[0.1154452422],"iteration":715,"passed_time":0.7157189141,"remaining_time":0.2838885078},
{"learn":[0.1153100762],"iteration":716,"passed_time":0.7161099135,"remaining_time":0.2826486827},
{"learn":[0.1144141378],"iteration":717,"passed_time":0.7172820444,"remaining_time":0.2817180174},
{"learn":[0.1142862162],"iteration":718,"passed_time":0.7178329216,"remaining_time":0.2805438817},
{"learn":[0.1133663209],"iteration":719,"passed_time":0.7183115355,"remaining_time":0.2793433749},
{"learn":[0.1132401904],"iteration":720,"passed_time":0.7187584705,"remaining_time":0.278132612},
{"learn":[0.1123658512],"iteration":721,"passed_time":0.7193026059,"remaining_time":0.2769613912},
{"learn":[0.1122366924],"iteration":722,"passed_time":0.7199218773,"remaining_time":0.2758206916},
{"learn":[0.1113740478],"iteration":723,"passed_time":0.7205246128,"remaining_time":0.2746751286},
{"learn":[0.1112468612],"iteration":724,"passed_time":0.7211861606,"remaining_time":0.2735533712},
{"learn":[0.1103957498],"iteration":725,"passed_time":0.7217552703,"remaining_time":0.2723979946},
{"learn":[0.1102750945],"iteration":726,"passed_time":0.722818779,"remaining_time":0.2714298854},
{"learn":[0.1098156965],"iteration":727,"passed_time":0.7234163531,"remaining_time":0.2702874286},
{"learn":[0.1089790661],"iteration":728,"passed_time":0.7245618321,"remaining_time":0.2693501461},
{"learn":[0.108116272],"iteration":729,"passed_time":0.7252433729,"remaining_time":0.2682406996},
{"learn":[0.1076688081],"iteration":730,"passed_time":0.7259637987,"remaining_time":0.267146733},
{"learn":[0.1067752903],"iteration":731,"passed_time":0.7264903028,"remaining_time":0.2659827885},
{"learn":[0.1061234982],"iteration":732,"passed_time":0.726882379,"remaining_time":0.2647716169},
{"learn":[0.1059733047],"iteration":733,"passed_time":0.7279627088,"remaining_time":0.2638120988},
{"learn":[0.105191913],"iteration":734,"passed_time":0.7286191437,"remaining_time":0.2626994192},
{"learn":[0.1044193353],"iteration":735,"passed_time":0.7295133138,"remaining_time":0.2616732538},
{"learn":[0.1039890786],"iteration":736,"passed_time":0.7302898837,"remaining_time":0.2606054809},
{"learn":[0.1031775514],"iteration":737,"passed_time":0.7311550162,"remaining_time":0.259569938},
{"learn":[0.1030315568],"iteration":738,"passed_time":0.7317382797,"remaining_time":0.2584353058},
{"learn":[0.1024063908],"iteration":739,"passed_time":0.73219589,"remaining_time":0.2572580154},
{"learn":[0.1019871144],"iteration":740,"passed_time":0.7326562117,"remaining_time":0.2560836151},
{"learn":[0.101614858],"iteration":741,"passed_time":0.7330782929,"remaining_time":0.2548978431},
{"learn":[0.1010008212],"iteration":742,"passed_time":0.7334836914,"remaining_time":0.2537083562},
{"learn":[0.1006340265],"iteration":743,"passed_time":0.7339870611,"remaining_time":0.2525546877},
{"learn":[0.1002299464],"iteration":744,"passed_time":0.7344977955,"remaining_time":0.2514052857},
{"learn":[0.09963921826],"iteration":745,"passed_time":0.7349724106,"remaining_time":0.250245298},
{"learn":[0.09887414456],"iteration":746,"passed_time":0.735550452,"remaining_time":0.2491221745},
{"learn":[0.09806290985],"iteration":747,"passed_time":0.7360401203,"remaining_time":0.2479707357},
{"learn":[0.09748688449],"iteration":748,"passed_time":0.7366018299,"remaining_time":0.246845206},
{"learn":[0.09677597727],"iteration":749,"passed_time":0.7371578231,"remaining_time":0.2457192744},
{"learn":[0.09607314412],"iteration":750,"passed_time":0.7376030252,"remaining_time":0.2445581269},
{"learn":[0.09565288238],"iteration":751,"passed_time":0.7380625126,"remaining_time":0.2434035946},
{"learn":[0.09523710879],"iteration":752,"passed_time":0.7385175849,"remaining_time":0.2422494601},
{"learn":[0.0948773133],"iteration":753,"passed_time":0.7389300236,"remaining_time":0.2410832703},
{"learn":[0.09452087699],"iteration":754,"passed_time":0.7393947566,"remaining_time":0.2399360468},
{"learn":[0.09416777346],"iteration":755,"passed_time":0.7398609351,"remaining_time":0.2387910954},
{"learn":[0.09376531177],"iteration":756,"passed_time":0.7404584575,"remaining_time":0.2376900993},
{"learn":[0.09341842065],"iteration":757,"passed_time":0.7409939949,"remaining_time":0.2365706422},
{"learn":[0.09307478549],"iteration":758,"passed_time":0.741906616,"remaining_time":0.2355724564},
{"learn":[0.09273438058],"iteration":759,"passed_time":0.7423882068,"remaining_time":0.2344383811},
{"learn":[0.0923971804],"iteration":760,"passed_time":0.7428521328,"remaining_time":0.2333004727},
{"learn":[0.09201045815],"iteration":761,"passed_time":0.743310134,"remaining_time":0.2321624828},
{"learn":[0.09167922533],"iteration":762,"passed_time":0.7438007164,"remaining_time":0.2310363955},
{"learn":[0.09135112304],"iteration":763,"passed_time":0.7448866504,"remaining_time":0.2300958763},
{"learn":[0.0910261264],"iteration":764,"passed_time":0.7454528612,"remaining_time":0.2289953234},
{"learn":[0.09065186695],"iteration":765,"passed_time":0.7459408412,"remaining_time":0.2278722674},
{"learn":[0.09023656447],"iteration":766,"passed_time":0.7465720194,"remaining_time":0.2267943683},
{"learn":[0.08982503824],"iteration":767,"passed_time":0.7471135333,"remaining_time":0.2256905465},
{"learn":[0.08941725775],"iteration":768,"passed_time":0.7476545993,"remaining_time":0.2245880526},
{"learn":[0.08899632066],"iteration":769,"passed_time":0.7481526661,"remaining_time":0.223474173},
{"learn":[0.08868513978],"iteration":770,"passed_time":0.7486068108,"remaining_time":0.2223488452},
{"learn":[0.08826965213],"iteration":771,"passed_time":0.7490768866,"remaining_time":0.2212299613},
{"learn":[0.0879633076],"iteration":772,"passed_time":0.7495657262,"remaining_time":0.2201182663},
{"learn":[0.08756968297],"iteration":773,"passed_time":0.7500232141,"remaining_time":0.2189990263},
{"learn":[0.08688170789],"iteration":774,"passed_time":0.7504395709,"remaining_time":0.2178695528},
{"learn":[0.08658166584],"iteration":775,"passed_time":0.7508553936,"remaining_time":0.2167417631},
{"learn":[0.08590494667],"iteration":776,"passed_time":0.7512842466,"remaining_time":0.2156195457},
{"learn":[0.08560917602],"iteration":777,"passed_time":0.7516609032,"remaining_time":0.2144842166},
{"learn":[0.08521257694],"iteration":778,"passed_time":0.7520846347,"remaining_time":0.2133641903},
{"learn":[0.08455024727],"iteration":779,"passed_time":0.757902979,"remaining_time":0.2137675069},
{"learn":[0.08426045335],"iteration":780,"passed_time":0.763434535,"remaining_time":0.2140744727},
{"learn":[0.08360901617],"iteration":781,"passed_time":0.7676622861,"remaining_time":0.2140030414},
{"learn":[0.08332335423],"iteration":782,"passed_time":0.7706142968,"remaining_time":0.213567436},
{"learn":[0.08268265476],"iteration":783,"passed_time":0.7724344808,"remaining_time":0.2128135815},
{"learn":[0.08240106995],"iteration":784,"passed_time":0.7742626354,"remaining_time":0.2120591931},
{"learn":[0.08202304811],"iteration":785,"passed_time":0.7758508619,"remaining_time":0.2112367487},
{"learn":[0.08139515207],"iteration":786,"passed_time":0.7773486633,"remaining_time":0.2103878847},
{"learn":[0.08111920606],"iteration":787,"passed_time":0.7783747169,"remaining_time":0.2094104568},
{"learn":[0.08065738247],"iteration":788,"passed_time":0.7794661043,"remaining_time":0.2084503777},
{"learn":[0.08004227799],"iteration":789,"passed_time":0.7805169916,"remaining_time":0.2074792003},
{"learn":[0.07943610256],"iteration":790,"passed_time":0.781631324,"remaining_time":0.206524585},
{"learn":[0.07916781957],"iteration":791,"passed_time":0.7826505069,"remaining_time":0.2055445776},
{"learn":[0.07857172785],"iteration":792,"passed_time":0.7834631827,"remaining_time":0.204510566},
{"learn":[0.07830729089],"iteration":793,"passed_time":0.7844501798,"remaining_time":0.2035223388},
{"learn":[0.07786422387],"iteration":794,"passed_time":0.7853487123,"remaining_time":0.2025113032},
{"learn":[0.0772803531],"iteration":795,"passed_time":0.7863590162,"remaining_time":0.2015291951},
{"learn":[0.07670500497],"iteration":796,"passed_time":0.7872379235,"remaining_time":0.2005135489},
{"learn":[0.07644794634],"iteration":797,"passed_time":0.7881095398,"remaining_time":0.1994963998},
{"learn":[0.07619336236],"iteration":798,"passed_time":0.7889157249,"remaining_time":0.1984631548},
{"learn":[0.07568679174],"iteration":799,"passed_time":0.7895884618,"remaining_time":0.1973971155},
{"learn":[0.07512575324],"iteration":800,"passed_time":0.7902832301,"remaining_time":0.1963375316},
{"learn":[0.07457293706],"iteration":801,"passed_time":0.7909387116,"remaining_time":0.1952691582},
{"learn":[0.07432450875],"iteration":802,"passed_time":0.7915384529,"remaining_time":0.1941881385},
{"learn":[0.07385195659],"iteration":803,"passed_time":0.7922307752,"remaining_time":0.1931308855},
{"learn":[0.07360688008],"iteration":804,"passed_time":0.7928812119,"remaining_time":0.1920643929},
{"learn":[0.07306849937],"iteration":805,"passed_time":0.7935981126,"remaining_time":0.1910149303},
{"learn":[0.07282696421],"iteration":806,"passed_time":0.794285682,"remaining_time":0.1899592771},
{"learn":[0.07234612396],"iteration":807,"passed_time":0.7948272612,"remaining_time":0.1888698443},
{"learn":[0.0718200807],"iteration":808,"passed_time":0.7953814618,"remaining_time":0.1877847456},
{"learn":[0.07136593569],"iteration":809,"passed_time":0.7959532474,"remaining_time":0.1867050827},
{"learn":[0.07113005324],"iteration":810,"passed_time":0.7964783079,"remaining_time":0.1856157832},
{"learn":[0.07061668558],"iteration":811,"passed_time":0.7970364475,"remaining_time":0.1845355322},
{"learn":[0.07038422349],"iteration":812,"passed_time":0.7975703808,"remaining_time":0.1834509978},
{"learn":[0.06992346993],"iteration":813,"passed_time":0.798245445,"remaining_time":0.1824000648},
{"learn":[0.06937692755],"iteration":814,"passed_time":0.7991226919,"remaining_time":0.1813959485},
{"learn":[0.06914854134],"iteration":815,"passed_time":0.8003026473,"remaining_time":0.1804604009},
{"learn":[0.06892237313],"iteration":816,"passed_time":0.8010434895,"remaining_time":0.1794258979},
{"learn":[0.06848772381],"iteration":817,"passed_time":0.8016316441,"remaining_time":0.1783581409},
{"learn":[0.0682646457],"iteration":818,"passed_time":0.802170893,"remaining_time":0.1772807468},
{"learn":[0.06804374057],"iteration":819,"passed_time":0.8026274959,"remaining_time":0.1761865235},
{"learn":[0.06760199063],"iteration":820,"passed_time":0.8030937587,"remaining_time":0.1750959596},
{"learn":[0.06711098096],"iteration":821,"passed_time":0.8035615321,"remaining_time":0.1740072418},
{"learn":[0.06673878797],"iteration":822,"passed_time":0.8040307737,"remaining_time":0.1729203486},
{"learn":[0.06632081152],"iteration":823,"passed_time":0.8045255748,"remaining_time":0.171840414},
{"learn":[0.06610598036],"iteration":824,"passed_time":0.8050633628,"remaining_time":0.1707710164},
{"learn":[0.06574165939],"iteration":825,"passed_time":0.8056240518,"remaining_time":0.16970773},
{"learn":[0.0655298498],"iteration":826,"passed_time":0.8061264983,"remaining_time":0.1686334755},
{"learn":[0.06510899706],"iteration":827,"passed_time":0.8065512763,"remaining_time":0.167544468},
{"learn":[0.06460210537],"iteration":828,"passed_time":0.8070262586,"remaining_time":0.1664674188},
{"learn":[0.0641042562],"iteration":829,"passed_time":0.8074623155,"remaining_time":0.1653838477},
{"learn":[0.0638967574],"iteration":830,"passed_time":0.8079474332,"remaining_time":0.1643118125},
{"learn":[0.06369129491],"iteration":831,"passed_time":0.8083958979,"remaining_time":0.1632337871},
{"learn":[0.06348785161],"iteration":832,"passed_time":0.8088343754,"remaining_time":0.1621552709},
{"learn":[0.0632864105],"iteration":833,"passed_time":0.8092558101,"remaining_time":0.1610748975},
{"learn":[0.06308695471],"iteration":834,"passed_time":0.809677146,"remaining_time":0.1599960827},
{"learn":[0.06270963467],"iteration":835,"passed_time":0.8101277842,"remaining_time":0.1589245892},
{"learn":[0.06222623943],"iteration":836,"passed_time":0.8105413409,"remaining_time":0.1578473579},
{"learn":[0.06203021755],"iteration":837,"passed_time":0.8109641067,"remaining_time":0.1567734908},
{"learn":[0.06183613425],"iteration":838,"passed_time":0.8115752625,"remaining_time":0.1557373269},
{"learn":[0.06144938408],"iteration":839,"passed_time":0.8120773137,"remaining_time":0.1546813931},
{"learn":[0.06125799928],"iteration":840,"passed_time":0.8125030692,"remaining_time":0.153612352},
{"learn":[0.0608942926],"iteration":841,"passed_time":0.8130025008,"remaining_time":0.152558664},
{"learn":[0.06055992518],"iteration":842,"passed_time":0.8137209793,"remaining_time":0.1515470863},
{"learn":[0.06022879723],"iteration":843,"passed_time":0.8142398339,"remaining_time":0.1504993058},
{"learn":[0.06004180755],"iteration":844,"passed_time":0.8149332965,"remaining_time":0.1494848059},
{"learn":[0.05966936533],"iteration":845,"passed_time":0.8154134111,"remaining_time":0.1484322285},
{"learn":[0.05948498924],"iteration":846,"passed_time":0.8158870881,"remaining_time":0.14737984},
{"learn":[0.05913440377],"iteration":847,"passed_time":0.8163177088,"remaining_time":0.1463210988},
{"learn":[0.05867990351],"iteration":848,"passed_time":0.8167659985,"remaining_time":0.1452669797},
{"learn":[0.05849871884],"iteration":849,"passed_time":0.817219211,"remaining_time":0.1442151549},
{"learn":[0.05831934288],"iteration":850,"passed_time":0.8177618956,"remaining_time":0.1431804024},
{"learn":[0.05800218391],"iteration":851,"passed_time":0.818217205,"remaining_time":0.1421316272},
{"learn":[0.05782536567],"iteration":852,"passed_time":0.8186314087,"remaining_time":0.1410771595},
{"learn":[0.05748673493],"iteration":853,"passed_time":0.8190233897,"remaining_time":0.1400203921},
{"learn":[0.05704721092],"iteration":854,"passed_time":0.8194600563,"remaining_time":0.1389727581},
{"learn":[0.056873462],"iteration":855,"passed_time":0.8198400425,"remaining_time":0.1379170165},
{"learn":[0.0567014568],"iteration":856,"passed_time":0.8202262192,"remaining_time":0.1368638849},
{"learn":[0.05639408874],"iteration":857,"passed_time":0.8207699529,"remaining_time":0.1358383838},
{"learn":[0.05609110502],"iteration":858,"passed_time":0.8211884792,"remaining_time":0.1347934523},
{"learn":[0.05578803672],"iteration":859,"passed_time":0.8215810627,"remaining_time":0.1337457544},
{"learn":[0.05562080908],"iteration":860,"passed_time":0.8219731996,"remaining_time":0.1326995061},
{"learn":[0.05519541858],"iteration":861,"passed_time":0.8223666713,"remaining_time":0.1316549891},
{"learn":[0.05487656244],"iteration":862,"passed_time":0.8227718214,"remaining_time":0.1306138349},
{"learn":[0.05446165623],"iteration":863,"passed_time":0.8231913092,"remaining_time":0.1295764098},
{"learn":[0.0541485235],"iteration":864,"passed_time":0.8235677817,"remaining_time":0.1285337},
{"learn":[0.0537438605],"iteration":865,"passed_time":0.8240401534,"remaining_time":0.1275073678},
{"learn":[0.05343633922],"iteration":866,"passed_time":0.8247198919,"remaining_time":0.1265141241},
{"learn":[0.05305666792],"iteration":867,"passed_time":0.8254886156,"remaining_time":0.1255351351},
{"learn":[0.05275466984],"iteration":868,"passed_time":0.8265379034,"remaining_time":0.1245989244},
{"learn":[0.05238432316],"iteration":869,"passed_time":0.8283727218,"remaining_time":0.123779832},
{"learn":[0.05216090744],"iteration":870,"passed_time":0.8290007227,"remaining_time":0.1227796708},
{"learn":[0.05186574838],"iteration":871,"passed_time":0.8295390643,"remaining_time":0.1217672021},
{"learn":[0.05148842574],"iteration":872,"passed_time":0.8300682284,"remaining_time":0.1207544845},
{"learn":[0.05119853735],"iteration":873,"passed_time":0.8305380104,"remaining_time":0.1197343127},
{"learn":[0.05091171955],"iteration":874,"passed_time":0.8310260846,"remaining_time":0.1187180121},
{"learn":[0.05060855069],"iteration":875,"passed_time":0.8314795393,"remaining_time":0.117698017},
{"learn":[0.05032666313],"iteration":876,"passed_time":0.8319520338,"remaining_time":0.1166819842},
{"learn":[0.04998488502],"iteration":877,"passed_time":0.8324118499,"remaining_time":0.1156654279},
{"learn":[0.04970273115],"iteration":878,"passed_time":0.8329388972,"remaining_time":0.1146593931},
{"learn":[0.0494262984],"iteration":879,"passed_time":0.833383694,"remaining_time":0.113643231},
{"learn":[0.04913640265],"iteration":880,"passed_time":0.8338052348,"remaining_time":0.1126252247},
{"learn":[0.04886472065],"iteration":881,"passed_time":0.8342673926,"remaining_time":0.1116140049},
{"learn":[0.04859107355],"iteration":882,"passed_time":0.8349369236,"remaining_time":0.1106315063},
{"learn":[0.04832372399],"iteration":883,"passed_time":0.8355280987,"remaining_time":0.1096394338},
{"learn":[0.04804471348],"iteration":884,"passed_time":0.8360151574,"remaining_time":0.108634738},
{"learn":[0.04778196254],"iteration":885,"passed_time":0.8365013075,"remaining_time":0.1076310937},
{"learn":[0.04745850074],"iteration":886,"passed_time":0.8369750756,"remaining_time":0.1066270389},
{"learn":[0.04723737031],"iteration":887,"passed_time":0.8374469268,"remaining_time":0.1056239367},
{"learn":[0.04697937849],"iteration":888,"passed_time":0.8379630248,"remaining_time":0.1046275543},
{"learn":[0.04691928744],"iteration":889,"passed_time":0.8383985689,"remaining_time":0.103622295},
{"learn":[0.04670177608],"iteration":890,"passed_time":0.8392601632,"remaining_time":0.1026704352},
{"learn":[0.04644785649],"iteration":891,"passed_time":0.8399059749,"remaining_time":0.1016926517},
{"learn":[0.04638884513],"iteration":892,"passed_time":0.8407729726,"remaining_time":0.1007421143},
{"learn":[0.04613793227],"iteration":893,"passed_time":0.8413322375,"remaining_time":0.09975527648},
{"learn":[0.04588667637],"iteration":894,"passed_time":0.842363447,"remaining_time":0.09882476193},
{"learn":[0.04562596351],"iteration":895,"passed_time":0.8432020518,"remaining_time":0.09787166673},
{"learn":[0.04538052434],"iteration":896,"passed_time":0.8438017333,"remaining_time":0.0968913919},
{"learn":[0.04517106667],"iteration":897,"passed_time":0.8476813649,"remaining_time":0.09628452029},
{"learn":[0.04492056733],"iteration":898,"passed_time":0.8546518493,"remaining_time":0.09601761599},
{"learn":[0.04468054094],"iteration":899,"passed_time":0.8594758234,"remaining_time":0.09549731372},
{"learn":[0.04444402975],"iteration":900,"passed_time":0.8613494998,"remaining_time":0.09464328577},
{"learn":[0.04438788952],"iteration":901,"passed_time":0.8634010039,"remaining_time":0.0938063175},
{"learn":[0.04423561621],"iteration":902,"passed_time":0.8649069273,"remaining_time":0.0929080531},
{"learn":[0.04398598481],"iteration":903,"passed_time":0.8661107181,"remaining_time":0.09197635944},
{"learn":[0.04375195929],"iteration":904,"passed_time":0.8678322708,"remaining_time":0.09109841517},
{"learn":[0.04355097604],"iteration":905,"passed_time":0.8690648271,"remaining_time":0.09016787389},
{"learn":[0.04332384968],"iteration":906,"passed_time":0.8705250483,"remaining_time":0.08926001046},
{"learn":[0.04317733489],"iteration":907,"passed_time":0.8717234492,"remaining_time":0.08832440234},
{"learn":[0.04294323651],"iteration":908,"passed_time":0.8725645082,"remaining_time":0.08735244252},
{"learn":[0.04288962737],"iteration":909,"passed_time":0.8734622954,"remaining_time":0.08638638086},
{"learn":[0.04274611787],"iteration":910,"passed_time":0.8742684161,"remaining_time":0.08541151376},
{"learn":[0.04258323661],"iteration":911,"passed_time":0.8750897706,"remaining_time":0.08443848663},
{"learn":[0.04242242498],"iteration":912,"passed_time":0.8758120566,"remaining_time":0.08345635151},
{"learn":[0.04228086456],"iteration":913,"passed_time":0.8769031321,"remaining_time":0.08250948508},
{"learn":[0.04212202873],"iteration":914,"passed_time":0.8779435594,"remaining_time":0.08155759841},
{"learn":[0.04192825472],"iteration":915,"passed_time":0.8786791364,"remaining_time":0.08057756273},
{"learn":[0.04170562771],"iteration":916,"passed_time":0.8794150857,"remaining_time":0.07959809391},
{"learn":[0.04151491436],"iteration":917,"passed_time":0.8802359034,"remaining_time":0.07862673647},
{"learn":[0.04137721899],"iteration":918,"passed_time":0.8809568524,"remaining_time":0.07764690429},
{"learn":[0.04122197657],"iteration":919,"passed_time":0.8820093914,"remaining_time":0.07669646882},
{"learn":[0.0410343984],"iteration":920,"passed_time":0.8832557461,"remaining_time":0.07576243641},
{"learn":[0.04073156284],"iteration":921,"passed_time":0.8842105211,"remaining_time":0.07480305927},
{"learn":[0.04043310435],"iteration":922,"passed_time":0.8849432631,"remaining_time":0.07382516929},
{"learn":[0.04013896349],"iteration":923,"passed_time":0.8856163341,"remaining_time":0.07284290194},
{"learn":[0.04000593098],"iteration":924,"passed_time":0.8864598048,"remaining_time":0.07187511931},
{"learn":[0.0398747983],"iteration":925,"passed_time":0.8872427529,"remaining_time":0.07090276859},
{"learn":[0.03966214703],"iteration":926,"passed_time":0.8882109037,"remaining_time":0.06994541097},
{"learn":[0.03953336341],"iteration":927,"passed_time":0.8889802839,"remaining_time":0.06897260823},
{"learn":[0.03932436519],"iteration":928,"passed_time":0.8897906891,"remaining_time":0.06800337882},
{"learn":[0.03919788193],"iteration":929,"passed_time":0.8905252501,"remaining_time":0.06702878227},
{"learn":[0.03899247664],"iteration":930,"passed_time":0.8910929307,"remaining_time":0.06604233321},
{"learn":[0.03886824656],"iteration":931,"passed_time":0.8916266292,"remaining_time":0.06505430342},
{"learn":[0.03866637538],"iteration":932,"passed_time":0.8921954025,"remaining_time":0.06406976631},
{"learn":[0.03854435278],"iteration":933,"passed_time":0.8927396521,"remaining_time":0.06308438655},
{"learn":[0.03834595811],"iteration":934,"passed_time":0.893382826,"remaining_time":0.06210682748},
{"learn":[0.0381904503],"iteration":935,"passed_time":0.8946368986,"remaining_time":0.06117175375},
{"learn":[0.03799525134],"iteration":936,"passed_time":0.8953488956,"remaining_time":0.06019955221},
{"learn":[0.03784200819],"iteration":937,"passed_time":0.895875231,"remaining_time":0.05921563361},
{"learn":[0.03770056188],"iteration":938,"passed_time":0.8964313145,"remaining_time":0.05823462214},
{"learn":[0.03754924038],"iteration":939,"passed_time":0.8970122272,"remaining_time":0.05725609961},
{"learn":[0.03735882491],"iteration":940,"passed_time":0.8979714245,"remaining_time":0.05630214033},
{"learn":[0.03723360647],"iteration":941,"passed_time":0.8985634293,"remaining_time":0.05532556146},
{"learn":[0.03710974646],"iteration":942,"passed_time":0.8991246292,"remaining_time":0.05434793623},
{"learn":[0.03697205942],"iteration":943,"passed_time":0.8996455694,"remaining_time":0.05336880497},
{"learn":[0.0368498646],"iteration":944,"passed_time":0.9001074788,"remaining_time":0.05238720776},
{"learn":[0.03665434228],"iteration":945,"passed_time":0.9005472811,"remaining_time":0.05140544733},
{"learn":[0.0364538975],"iteration":946,"passed_time":0.9010585882,"remaining_time":0.05042883334},
{"learn":[0.0362700604],"iteration":947,"passed_time":0.9015240217,"remaining_time":0.04945068474},
{"learn":[0.03615066373],"iteration":948,"passed_time":0.9020380659,"remaining_time":0.04847622904},
{"learn":[0.0359539889],"iteration":949,"passed_time":0.9026355589,"remaining_time":0.04750713468},
{"learn":[0.03582502466],"iteration":950,"passed_time":0.9033116599,"remaining_time":0.04654287207},
{"learn":[0.0357075717],"iteration":951,"passed_time":0.9039602228,"remaining_time":0.04557782636},
{"learn":[0.03542222296],"iteration":952,"passed_time":0.9044541829,"remaining_time":0.04460582014},
{"learn":[0.03529167286],"iteration":953,"passed_time":0.9050823252,"remaining_time":0.04364128612},
{"learn":[0.03517622413],"iteration":954,"passed_time":0.9056233386,"remaining_time":0.04267335103},
{"learn":[0.034896655],"iteration":955,"passed_time":0.906119971,"remaining_time":0.04170426645},
{"learn":[0.03476923046],"iteration":956,"passed_time":0.9067719895,"remaining_time":0.04074315104},
{"learn":[0.03449492002],"iteration":957,"passed_time":0.9081679564,"remaining_time":0.03981529663},
{"learn":[0.03437052713],"iteration":958,"passed_time":0.9090141668,"remaining_time":0.03886296229},
{"learn":[0.03425786525],"iteration":959,"passed_time":0.9096057069,"remaining_time":0.03790023779},
{"learn":[0.03414642199],"iteration":960,"passed_time":0.910186265,"remaining_time":0.0369378401},
{"learn":[0.03387775699],"iteration":961,"passed_time":0.9107142223,"remaining_time":0.03597415847},
{"learn":[0.0337546996],"iteration":962,"passed_time":0.9121657874,"remaining_time":0.03504686826},
{"learn":[0.03349111273],"iteration":963,"passed_time":0.912755888,"remaining_time":0.03408631947},
{"learn":[0.03337044979],"iteration":964,"passed_time":0.9132466318,"remaining_time":0.03312293483},
{"learn":[0.03324996271],"iteration":965,"passed_time":0.9137837687,"remaining_time":0.03216216163},
{"learn":[0.03314149105],"iteration":966,"passed_time":0.9143139299,"remaining_time":0.03120202656},
{"learn":[0.03303419049],"iteration":967,"passed_time":0.9147423912,"remaining_time":0.03023941789},
{"learn":[0.03280755452],"iteration":968,"passed_time":0.9153560333,"remaining_time":0.02928383595},
{"learn":[0.03270194452],"iteration":969,"passed_time":0.9159096762,"remaining_time":0.02832710339},
{"learn":[0.03247998877],"iteration":970,"passed_time":0.9165054799,"remaining_time":0.02737246026},
{"learn":[0.0323713327],"iteration":971,"passed_time":0.9170997076,"remaining_time":0.0264185101},
{"learn":[0.0321542619],"iteration":972,"passed_time":0.9175603597,"remaining_time":0.02546159272},
{"learn":[0.03196188064],"iteration":973,"passed_time":0.9215082186,"remaining_time":0.02459878202},
{"learn":[0.03185966683],"iteration":974,"passed_time":0.9274416974,"remaining_time":0.02378055634},
{"learn":[0.03164807636],"iteration":975,"passed_time":0.9281819503,"remaining_time":0.02282414632},
{"learn":[0.03154748686],"iteration":976,"passed_time":0.9288866196,"remaining_time":0.0218673411},
{"learn":[0.03135890256],"iteration":977,"passed_time":0.9296816754,"remaining_time":0.02091308472},
{"learn":[0.0312597584],"iteration":978,"passed_time":0.9303765316,"remaining_time":0.01995700425},
{"learn":[0.03105403808],"iteration":979,"passed_time":0.931001007,"remaining_time":0.01900002055},
{"learn":[0.03095647499],"iteration":980,"passed_time":0.9315589933,"remaining_time":0.01804242699},
{"learn":[0.03075506906],"iteration":981,"passed_time":0.9322963449,"remaining_time":0.01708893504},
{"learn":[0.0305711328],"iteration":982,"passed_time":0.9343158423,"remaining_time":0.01615805628},
{"learn":[0.03047546976],"iteration":983,"passed_time":0.9350380912,"remaining_time":0.0152038714},
{"learn":[0.03027922032],"iteration":984,"passed_time":0.9356623598,"remaining_time":0.01424866538},
{"learn":[0.03018509138],"iteration":985,"passed_time":0.9362224227,"remaining_time":0.01329321898},
{"learn":[0.03000477417],"iteration":986,"passed_time":0.9410584832,"remaining_time":0.0123948939},
{"learn":[0.02991200402],"iteration":987,"passed_time":0.9430903712,"remaining_time":0.01145453892},
{"learn":[0.02973294401],"iteration":988,"passed_time":0.9447918616,"remaining_time":0.0105083018},
{"learn":[0.02955588534],"iteration":989,"passed_time":0.9463564467,"remaining_time":0.009559156027},
{"learn":[0.0293808014],"iteration":990,"passed_time":0.9474181999,"remaining_time":0.008604201614},
{"learn":[0.02916861213],"iteration":991,"passed_time":0.948065671,"remaining_time":0.007645690895},
{"learn":[0.02895955828],"iteration":992,"passed_time":0.9488373525,"remaining_time":0.006688682243},
{"learn":[0.02875359764],"iteration":993,"passed_time":0.9578211442,"remaining_time":0.005781616565},
{"learn":[0.0286004205],"iteration":994,"passed_time":0.9596614858,"remaining_time":0.004822419527},
{"learn":[0.02845004881],"iteration":995,"passed_time":0.9608052696,"remaining_time":0.003858655701},
{"learn":[0.02834727729],"iteration":996,"passed_time":0.961698075,"remaining_time":0.002893775552},
{"learn":[0.0281475908],"iteration":997,"passed_time":0.9625651507,"remaining_time":0.001928988278},
{"learn":[0.02810581111],"iteration":998,"passed_time":0.963448891,"remaining_time":0.0009644133043},
{"learn":[0.02796174447],"iteration":999,"passed_time":0.9641111152,"remaining_time":0}
]}