{
"meta":{"test_sets":[],"test_metrics":[],"learn_metrics":[{"best_value":"Min","name":"MultiClass"}],"launch_mode":"Train","parameters":"","iteration_count":1000,"learn_sets":["learn"],"name":"experiment"},
"iterations":[
{"learn":[2.145420679],"iteration":0,"passed_time":0.191187548,"remaining_time":190.9963604},
{"learn":[2.023193385],"iteration":1,"passed_time":0.2008557534,"remaining_time":100.2270209},
{"learn":[1.895761034],"iteration":2,"passed_time":0.2084361898,"remaining_time":69.27029375},
{"learn":[1.783912398],"iteration":3,"passed_time":0.2154974163,"remaining_time":53.65885667},
{"learn":[1.668285205],"iteration":4,"passed_time":0.2221829567,"remaining_time":44.21440839},
{"learn":[1.563900103],"iteration":5,"passed_time":0.2294984462,"remaining_time":38.02024259},
{"learn":[1.492092355],"iteration":6,"passed_time":0.2367396604,"remaining_time":33.58321183},
{"learn":[1.401930764],"iteration":7,"passed_time":0.2429220011,"remaining_time":30.12232813},
{"learn":[1.334678934],"iteration":8,"passed_time":0.2493621687,"remaining_time":27.45754547},
{"learn":[1.261457944],"iteration":9,"passed_time":0.255403077,"remaining_time":25.28490463},
{"learn":[1.213295915],"iteration":10,"passed_time":0.2614413777,"remaining_time":23.5059566},
{"learn":[1.163140462],"iteration":11,"passed_time":0.2677699622,"remaining_time":22.04639355},
{"learn":[1.108146607],"iteration":12,"passed_time":0.2737249869,"remaining_time":20.78204323},
{"learn":[1.064678016],"iteration":13,"passed_time":0.2797716386,"remaining_time":19.70391683},
{"learn":[1.018142942],"iteration":14,"passed_time":0.28633106,"remaining_time":18.80240627},
{"learn":[0.9737058583],"iteration":15,"passed_time":0.2927124207,"remaining_time":18.00181387},
{"learn":[0.9323886493],"iteration":16,"passed_time":0.298767645,"remaining_time":17.27579971},
{"learn":[0.8961054942],"iteration":17,"passed_time":0.3048266776,"remaining_time":16.62998875},
{"learn":[0.8624610175],"iteration":18,"passed_time":0.3105082059,"remaining_time":16.03202895},
{"learn":[0.834101013],"iteration":19,"passed_time":0.3169780772,"remaining_time":15.53192578},
{"learn":[0.8038947279],"iteration":20,"passed_time":0.3232150613,"remaining_time":15.06797833},
{"learn":[0.7742808526],"iteration":21,"passed_time":0.3287882894,"remaining_time":14.61613396},
{"learn":[0.7473557359],"iteration":22,"passed_time":0.3345694419,"remaining_time":14.21192803},
{"learn":[0.7230729147],"iteration":23,"passed_time":0.3406705654,"remaining_time":13.85393633},
{"learn":[0.7028042964],"iteration":24,"passed_time":0.3465352725,"remaining_time":13.51487563},
{"learn":[0.6812458908],"iteration":25,"passed_time":0.3525637261,"remaining_time":13.20757958},
{"learn":[0.663078884],"iteration":26,"passed_time":0.3579917417,"remaining_time":12.90096165},
{"learn":[0.6452565408],"iteration":27,"passed_time":0.3635020478,"remaining_time":12.61871395},
{"learn":[0.6293619386],"iteration":28,"passed_time":0.3690615924,"remaining_time":12.35720022},
{"learn":[0.6098584719],"iteration":29,"passed_time":0.3750668991,"remaining_time":12.12716307},
{"learn":[0.5959670224],"iteration":30,"passed_time":0.3811470823,"remaining_time":11.91392009},
{"learn":[0.578779945],"iteration":31,"passed_time":0.3869382925,"remaining_time":11.70488335},
{"learn":[0.5622749943],"iteration":32,"passed_time":0.3928409021,"remaining_time":11.51142886},
{"learn":[0.5492919574],"iteration":33,"passed_time":0.3986575941,"remaining_time":11.32656576},
{"learn":[0.5348999181],"iteration":34,"passed_time":0.4044383197,"remaining_time":11.15094224},
{"learn":[0.5248302941],"iteration":35,"passed_time":0.4102604194,"remaining_time":10.98586234},
{"learn":[0.5133489847],"iteration":36,"passed_time":0.4166089369,"remaining_time":10.84309206},
{"learn":[0.5002715548],"iteration":37,"passed_time":0.4231886018,"remaining_time":10.71335355},
{"learn":[0.488323668],"iteration":38,"passed_time":0.4310197924,"remaining_time":10.62076976},
{"learn":[0.4755482009],"iteration":39,"passed_time":0.4492945602,"remaining_time":10.78306945},
{"learn":[0.4649997484],"iteration":40,"passed_time":0.4594941607,"remaining_time":10.74768049},
{"learn":[0.4552083567],"iteration":41,"passed_time":0.4682781645,"remaining_time":10.68120194},
{"learn":[0.4452055783],"iteration":42,"passed_time":0.4755218553,"remaining_time":10.58312594},
{"learn":[0.4361893355],"iteration":43,"passed_time":0.4821935722,"remaining_time":10.47675125},
{"learn":[0.4273551362],"iteration":44,"passed_time":0.4881065441,"remaining_time":10.35870555},
{"learn":[0.4191951084],"iteration":45,"passed_time":0.4937097527,"remaining_time":10.23911096},
{"learn":[0.4104892779],"iteration":46,"passed_time":0.5154378879,"remaining_time":10.45132568},
{"learn":[0.4029969959],"iteration":47,"passed_time":0.5257165659,"remaining_time":10.42671189},
{"learn":[0.3957971317],"iteration":48,"passed_time":0.5343963964,"remaining_time":10.37165251},
{"learn":[0.3876468294],"iteration":49,"passed_time":0.5415984273,"remaining_time":10.29037012},
{"learn":[0.3816409989],"iteration":50,"passed_time":0.5481889288,"remaining_time":10.2006136},
{"learn":[0.3748213717],"iteration":51,"passed_time":0.5541170899,"remaining_time":10.10198079},
{"learn":[0.3671374097],"iteration":52,"passed_time":0.560011816,"remaining_time":10.00624886},
{"learn":[0.3601362882],"iteration":53,"passed_time":0.5661951512,"remaining_time":9.918900241},
{"learn":[0.3527790683],"iteration":54,"passed_time":0.572043883,"remaining_time":9.82875399},
{"learn":[0.3466743942],"iteration":55,"passed_time":0.5780239504,"remaining_time":9.743832307},
{"learn":[0.3419046769],"iteration":56,"passed_time":0.5839473494,"remaining_time":9.660742991},
{"learn":[0.3356741259],"iteration":57,"passed_time":0.5901936537,"remaining_time":9.585558996},
{"learn":[0.3302524311],"iteration":58,"passed_time":0.5966092055,"remaining_time":9.515411227},
{"learn":[0.3246994468],"iteration":59,"passed_time":0.6032661555,"remaining_time":9.45116977},
{"learn":[0.3191556632],"iteration":60,"passed_time":0.609795827,"remaining_time":9.386857075},
{"learn":[0.3132625835],"iteration":61,"passed_time":0.6156151973,"remaining_time":9.313662178},
{"learn":[0.3097874233],"iteration":62,"passed_time":0.6223492707,"remaining_time":9.256210581},
{"learn":[0.3049176803],"iteration":63,"passed_time":0.6282471544,"remaining_time":9.188114634},
{"learn":[0.2989678492],"iteration":64,"passed_time":0.6340634826,"remaining_time":9.120759327},
{"learn":[0.295247682],"iteration":65,"passed_time":0.6398280549,"remaining_time":9.054536413},
{"learn":[0.2915119512],"iteration":66,"passed_time":0.6471658666,"remaining_time":9.012026172},
{"learn":[0.2885207214],"iteration":67,"passed_time":0.6531549873,"remaining_time":8.952065414},
{"learn":[0.2843054404],"iteration":68,"passed_time":0.6596196915,"remaining_time":8.900085983},
{"learn":[0.2805698437],"iteration":69,"passed_time":0.6651069654,"remaining_time":8.836421111},
{"learn":[0.2769259998],"iteration":70,"passed_time":0.6710360249,"remaining_time":8.780175594},
{"learn":[0.272813919],"iteration":71,"passed_time":0.676674142,"remaining_time":8.72157783},
{"learn":[0.2680707871],"iteration":72,"passed_time":0.6823628069,"remaining_time":8.665072904},
{"learn":[0.2645289272],"iteration":73,"passed_time":0.6884429674,"remaining_time":8.614840376},
{"learn":[0.261211341],"iteration":74,"passed_time":0.6941445946,"remaining_time":8.561116667},
{"learn":[0.2580358443],"iteration":75,"passed_time":0.7002176895,"remaining_time":8.513172962},
{"learn":[0.2554857539],"iteration":76,"passed_time":0.7066397406,"remaining_time":8.470499747},
{"learn":[0.2522675472],"iteration":77,"passed_time":0.7125154946,"remaining_time":8.422298539},
{"learn":[0.2485129043],"iteration":78,"passed_time":0.718433857,"remaining_time":8.375665599},
{"learn":[0.2457363351],"iteration":79,"passed_time":0.7244571213,"remaining_time":8.331256894},
{"learn":[0.2425616818],"iteration":80,"passed_time":0.7304008376,"remaining_time":8.286893453},
{"learn":[0.2398951176],"iteration":81,"passed_time":0.738020659,"remaining_time":8.26223128},
{"learn":[0.2367218347],"iteration":82,"passed_time":0.7437275629,"remaining_time":8.216845484},
{"learn":[0.2326938575],"iteration":83,"passed_time":0.7521854639,"remaining_time":8.202403392},
{"learn":[0.2304197616],"iteration":84,"passed_time":0.7585191117,"remaining_time":8.165235143},
{"learn":[0.2278126604],"iteration":85,"passed_time":0.7650690769,"remaining_time":8.13108298},
{"learn":[0.2253555517],"iteration":86,"passed_time":0.7723476014,"remaining_time":8.105211035},
{"learn":[0.2226760751],"iteration":87,"passed_time":0.7787781213,"remaining_time":8.070973257},
{"learn":[0.2199343001],"iteration":88,"passed_time":0.7862106393,"remaining_time":8.047616768},
{"learn":[0.2170766294],"iteration":89,"passed_time":0.7924893681,"remaining_time":8.012948055},
{"learn":[0.2156618955],"iteration":90,"passed_time":0.7950609597,"remaining_time":7.941872663},
{"learn":[0.2135879757],"iteration":91,"passed_time":0.8035227813,"remaining_time":7.930420493},
{"learn":[0.2112073265],"iteration":92,"passed_time":0.8108174759,"remaining_time":7.907650007},
{"learn":[0.2091736745],"iteration":93,"passed_time":0.8201899504,"remaining_time":7.905235054},
{"learn":[0.206929355],"iteration":94,"passed_time":0.8264650431,"remaining_time":7.87316699},
{"learn":[0.2053185566],"iteration":95,"passed_time":0.8332258706,"remaining_time":7.846210281},
{"learn":[0.2029621741],"iteration":96,"passed_time":0.8391022667,"remaining_time":7.811436565},
{"learn":[0.2007351231],"iteration":97,"passed_time":0.8449713869,"remaining_time":7.777185623},
{"learn":[0.1990701922],"iteration":98,"passed_time":0.8518351602,"remaining_time":7.752560398},
{"learn":[0.1974620045],"iteration":99,"passed_time":0.8574265331,"remaining_time":7.716838798},
{"learn":[0.1956009159],"iteration":100,"passed_time":0.8628742674,"remaining_time":7.680435311},
{"learn":[0.1939780502],"iteration":101,"passed_time":0.869270487,"remaining_time":7.652989189},
{"learn":[0.1911896587],"iteration":102,"passed_time":0.8749603943,"remaining_time":7.619800716},
{"learn":[0.1891880257],"iteration":103,"passed_time":0.8816379222,"remaining_time":7.595649791},
{"learn":[0.1886324755],"iteration":104,"passed_time":0.8873503326,"remaining_time":7.563605216},
{"learn":[0.1869384196],"iteration":105,"passed_time":0.8928116014,"remaining_time":7.529939355},
{"learn":[0.185934347],"iteration":106,"passed_time":0.8999277011,"remaining_time":7.510611562},
{"learn":[0.1842358167],"iteration":107,"passed_time":0.9063325635,"remaining_time":7.485635617},
{"learn":[0.1825632749],"iteration":108,"passed_time":0.9122519268,"remaining_time":7.457031805},
{"learn":[0.1801617305],"iteration":109,"passed_time":0.9194663444,"remaining_time":7.439318605},
{"learn":[0.1788034264],"iteration":110,"passed_time":0.9252131747,"remaining_time":7.410040652},
{"learn":[0.1766474223],"iteration":111,"passed_time":0.9323298653,"remaining_time":7.392043932},
{"learn":[0.175182139],"iteration":112,"passed_time":0.9381181631,"remaining_time":7.363812484},
{"learn":[0.1734694737],"iteration":113,"passed_time":0.9441141604,"remaining_time":7.337589001},
{"learn":[0.1723186546],"iteration":114,"passed_time":0.9514309013,"remaining_time":7.321881284},
{"learn":[0.1703852447],"iteration":115,"passed_time":0.956982968,"remaining_time":7.292870205},
{"learn":[0.1686153798],"iteration":116,"passed_time":0.9650224482,"remaining_time":7.283032664},
{"learn":[0.1662760933],"iteration":117,"passed_time":0.9706694386,"remaining_time":7.255342753},
{"learn":[0.1646334343],"iteration":118,"passed_time":0.9769841606,"remaining_time":7.232966769},
{"learn":[0.1629073616],"iteration":119,"passed_time":0.9840734845,"remaining_time":7.216538887},
{"learn":[0.1615452257],"iteration":120,"passed_time":0.9904054214,"remaining_time":7.194763351},
{"learn":[0.1604463831],"iteration":121,"passed_time":1.000044145,"remaining_time":7.197039012},
{"learn":[0.159162643],"iteration":122,"passed_time":1.007445601,"remaining_time":7.183169039},
{"learn":[0.1580579956],"iteration":123,"passed_time":1.015728513,"remaining_time":7.175630462},
{"learn":[0.1568287207],"iteration":124,"passed_time":1.021948331,"remaining_time":7.15363832},
{"learn":[0.155398098],"iteration":125,"passed_time":1.029510688,"remaining_time":7.141209061},
{"learn":[0.1540573294],"iteration":126,"passed_time":1.035913803,"remaining_time":7.120887797},
{"learn":[0.1530843441],"iteration":127,"passed_time":1.042391541,"remaining_time":7.101292371},
{"learn":[0.1512360073],"iteration":128,"passed_time":1.049619302,"remaining_time":7.086964435},
{"learn":[0.150086786],"iteration":129,"passed_time":1.05616739,"remaining_time":7.068197149},
{"learn":[0.1486432375],"iteration":130,"passed_time":1.0637735,"remaining_time":7.056634897},
{"learn":[0.1477691937],"iteration":131,"passed_time":1.069937355,"remaining_time":7.035648669},
{"learn":[0.1462459051],"iteration":132,"passed_time":1.07726874,"remaining_time":7.022496221},
{"learn":[0.145165907],"iteration":133,"passed_time":1.084525744,"remaining_time":7.00894996},
{"learn":[0.143648072],"iteration":134,"passed_time":1.090523509,"remaining_time":6.987428411},
{"learn":[0.1427267139],"iteration":135,"passed_time":1.097434946,"remaining_time":6.971939654},
{"learn":[0.1415606406],"iteration":136,"passed_time":1.103464894,"remaining_time":6.951023383},
{"learn":[0.1403068553],"iteration":137,"passed_time":1.111288707,"remaining_time":6.941528009},
{"learn":[0.1385847354],"iteration":138,"passed_time":1.117134369,"remaining_time":6.919803537},
{"learn":[0.1382237362],"iteration":139,"passed_time":1.122386631,"remaining_time":6.89466073},
{"learn":[0.1378182175],"iteration":140,"passed_time":1.131436248,"remaining_time":6.892934307},
{"learn":[0.1360867025],"iteration":141,"passed_time":1.139421239,"remaining_time":6.884671996},
{"learn":[0.1347987727],"iteration":142,"passed_time":1.14752709,"remaining_time":6.877137875},
{"learn":[0.1334707723],"iteration":143,"passed_time":1.153947643,"remaining_time":6.859577654},
{"learn":[0.132094909],"iteration":144,"passed_time":1.162181189,"remaining_time":6.852861492},
{"learn":[0.1317542526],"iteration":145,"passed_time":1.168074348,"remaining_time":6.832434888},
{"learn":[0.1306334727],"iteration":146,"passed_time":1.174495327,"remaining_time":6.815268805},
{"learn":[0.1297232976],"iteration":147,"passed_time":1.18159183,"remaining_time":6.80213675},
{"learn":[0.1294333707],"iteration":148,"passed_time":1.187581815,"remaining_time":6.782765934},
{"learn":[0.1287195323],"iteration":149,"passed_time":1.19552862,"remaining_time":6.774662181},
{"learn":[0.1269028498],"iteration":150,"passed_time":1.201588411,"remaining_time":6.755950733},
{"learn":[0.1258591556],"iteration":151,"passed_time":1.209660966,"remaining_time":6.748634863},
{"learn":[0.1252009298],"iteration":152,"passed_time":1.217385463,"remaining_time":6.739382268},
{"learn":[0.1244193777],"iteration":153,"passed_time":1.226915108,"remaining_time":6.740066113},
{"learn":[0.1231614229],"iteration":154,"passed_time":1.233467863,"remaining_time":6.724389318},
{"learn":[0.1220102031],"iteration":155,"passed_time":1.241384696,"remaining_time":6.71620951},
{"learn":[0.1211675042],"iteration":156,"passed_time":1.248138255,"remaining_time":6.701786939},
{"learn":[0.1203935725],"iteration":157,"passed_time":1.255914708,"remaining_time":6.692912558},
{"learn":[0.1195659676],"iteration":158,"passed_time":1.264536541,"remaining_time":6.688523466},
{"learn":[0.1186736375],"iteration":159,"passed_time":1.271968312,"remaining_time":6.67783364},
{"learn":[0.1175207343],"iteration":160,"passed_time":1.278674914,"remaining_time":6.663405296},
{"learn":[0.1170838933],"iteration":161,"passed_time":1.284934936,"remaining_time":6.6467622},
{"learn":[0.1168055858],"iteration":162,"passed_time":1.291551681,"remaining_time":6.632078263},
{"learn":[0.1158040789],"iteration":163,"passed_time":1.297479344,"remaining_time":6.613980073},
{"learn":[0.1148432323],"iteration":164,"passed_time":1.303529748,"remaining_time":6.596650544},
{"learn":[0.114307079],"iteration":165,"passed_time":1.310008024,"remaining_time":6.581606577},
{"learn":[0.1139604673],"iteration":166,"passed_time":1.317263342,"remaining_time":6.570541103},
{"learn":[0.11326599],"iteration":167,"passed_time":1.323622408,"remaining_time":6.555082401},
{"learn":[0.1125159443],"iteration":168,"passed_time":1.329179425,"remaining_time":6.535787588},
{"learn":[0.1118143752],"iteration":169,"passed_time":1.334827049,"remaining_time":6.517096769},
{"learn":[0.1112005907],"iteration":170,"passed_time":1.340960666,"remaining_time":6.500914574},
{"learn":[0.1104103908],"iteration":171,"passed_time":1.346623563,"remaining_time":6.482583198},
{"learn":[0.1095720701],"iteration":172,"passed_time":1.352324677,"remaining_time":6.464580971},
{"learn":[0.1087212977],"iteration":173,"passed_time":1.35865779,"remaining_time":6.449720312},
{"learn":[0.1079010657],"iteration":174,"passed_time":1.363966344,"remaining_time":6.430127051},
{"learn":[0.1073152691],"iteration":175,"passed_time":1.36992999,"remaining_time":6.413763137},
{"learn":[0.1066554113],"iteration":176,"passed_time":1.376413144,"remaining_time":6.399932301},
{"learn":[0.1064267711],"iteration":177,"passed_time":1.382086427,"remaining_time":6.382444064},
{"learn":[0.105780315],"iteration":178,"passed_time":1.387855605,"remaining_time":6.365527661},
{"learn":[0.105178498],"iteration":179,"passed_time":1.39398105,"remaining_time":6.350358118},
{"learn":[0.1047756114],"iteration":180,"passed_time":1.399569363,"remaining_time":6.332858057},
{"learn":[0.1037669795],"iteration":181,"passed_time":1.405884587,"remaining_time":6.318756002},
{"learn":[0.1030200379],"iteration":182,"passed_time":1.411394893,"remaining_time":6.301145506},
{"learn":[0.1024058309],"iteration":183,"passed_time":1.416768869,"remaining_time":6.283061941},
{"learn":[0.1018887832],"iteration":184,"passed_time":1.422810065,"remaining_time":6.26805515},
{"learn":[0.1014019798],"iteration":185,"passed_time":1.429319151,"remaining_time":6.255192412},
{"learn":[0.1005721096],"iteration":186,"passed_time":1.436319087,"remaining_time":6.244531647},
{"learn":[0.09987646719],"iteration":187,"passed_time":1.441944353,"remaining_time":6.227972417},
{"learn":[0.09942829596],"iteration":188,"passed_time":1.44705683,"remaining_time":6.209328515},
{"learn":[0.09895198976],"iteration":189,"passed_time":1.453027177,"remaining_time":6.194484282},
{"learn":[0.09798064444],"iteration":190,"passed_time":1.458760844,"remaining_time":6.178730487},
{"learn":[0.09718375751],"iteration":191,"passed_time":1.463986257,"remaining_time":6.160942166},
{"learn":[0.09651831259],"iteration":192,"passed_time":1.470017676,"remaining_time":6.146654222},
{"learn":[0.0959353525],"iteration":193,"passed_time":1.475432878,"remaining_time":6.129891235},
{"learn":[0.09551374929],"iteration":194,"passed_time":1.48102002,"remaining_time":6.113954442},
{"learn":[0.09510971046],"iteration":195,"passed_time":1.487302095,"remaining_time":6.1009739},
{"learn":[0.09434533038],"iteration":196,"passed_time":1.493060296,"remaining_time":6.08592598},
{"learn":[0.09364439895],"iteration":197,"passed_time":1.498752348,"remaining_time":6.070703956},
{"learn":[0.09281999457],"iteration":198,"passed_time":1.504515966,"remaining_time":6.055865772},
{"learn":[0.09217267403],"iteration":199,"passed_time":1.510197573,"remaining_time":6.040790292},
{"learn":[0.09138261068],"iteration":200,"passed_time":1.517604718,"remaining_time":6.032667513},
{"learn":[0.09110556218],"iteration":201,"passed_time":1.523057689,"remaining_time":6.016831862},
{"learn":[0.09090355109],"iteration":202,"passed_time":1.528744205,"remaining_time":6.002015426},
{"learn":[0.09028195036],"iteration":203,"passed_time":1.534775619,"remaining_time":5.988634278},
{"learn":[0.08991601042],"iteration":204,"passed_time":1.540789172,"remaining_time":5.975255571},
{"learn":[0.08945745088],"iteration":205,"passed_time":1.546995512,"remaining_time":5.962691438},
{"learn":[0.08881047676],"iteration":206,"passed_time":1.552260814,"remaining_time":5.946583698},
{"learn":[0.08834493835],"iteration":207,"passed_time":1.557917766,"remaining_time":5.932071493},
{"learn":[0.0878677477],"iteration":208,"passed_time":1.563655997,"remaining_time":5.917951645},
{"learn":[0.08704220646],"iteration":209,"passed_time":1.569717933,"remaining_time":5.905129368},
{"learn":[0.0864587163],"iteration":210,"passed_time":1.575290145,"remaining_time":5.890539925},
{"learn":[0.08593665646],"iteration":211,"passed_time":1.58072634,"remaining_time":5.875529979},
{"learn":[0.0853340211],"iteration":212,"passed_time":1.58664603,"remaining_time":5.862396364},
{"learn":[0.08481165755],"iteration":213,"passed_time":1.591930339,"remaining_time":5.846996479},
{"learn":[0.08429612143],"iteration":214,"passed_time":1.597735972,"remaining_time":5.833594132},
{"learn":[0.08389687778],"iteration":215,"passed_time":1.603443023,"remaining_time":5.819904305},
{"learn":[0.08331770351],"iteration":216,"passed_time":1.608985806,"remaining_time":5.805695329},
{"learn":[0.08296248759],"iteration":217,"passed_time":1.614756108,"remaining_time":5.792382004},
{"learn":[0.08256386024],"iteration":218,"passed_time":1.620882265,"remaining_time":5.780406615},
{"learn":[0.08214334679],"iteration":219,"passed_time":1.627081764,"remaining_time":5.768744435},
{"learn":[0.08181943135],"iteration":220,"passed_time":1.634477316,"remaining_time":5.761347642},
{"learn":[0.08145606059],"iteration":221,"passed_time":1.640796315,"remaining_time":5.750178077},
{"learn":[0.08104053177],"iteration":222,"passed_time":1.647422807,"remaining_time":5.740123414},
{"learn":[0.08063478616],"iteration":223,"passed_time":1.653507413,"remaining_time":5.72822211},
{"learn":[0.08018037335],"iteration":224,"passed_time":1.660010474,"remaining_time":5.717813856},
{"learn":[0.08002723303],"iteration":225,"passed_time":1.66688356,"remaining_time":5.708707415},
{"learn":[0.07928144382],"iteration":226,"passed_time":1.67253838,"remaining_time":5.695472106},
{"learn":[0.07886683184],"iteration":227,"passed_time":1.678965697,"remaining_time":5.684918937},
{"learn":[0.07848817785],"iteration":228,"passed_time":1.685076627,"remaining_time":5.673336591},
{"learn":[0.07807821204],"iteration":229,"passed_time":1.690934371,"remaining_time":5.660954198},
{"learn":[0.07758767721],"iteration":230,"passed_time":1.699044303,"remaining_time":5.65612584},
{"learn":[0.07742843058],"iteration":231,"passed_time":1.70718192,"remaining_time":5.651360838},
{"learn":[0.07710460573],"iteration":232,"passed_time":1.714347761,"remaining_time":5.643367951},
{"learn":[0.07693356638],"iteration":233,"passed_time":1.720073171,"remaining_time":5.630666878},
{"learn":[0.07652430123],"iteration":234,"passed_time":1.726422334,"remaining_time":5.620055682},
{"learn":[0.0761675361],"iteration":235,"passed_time":1.732106169,"remaining_time":5.60732675},
{"learn":[0.07565865059],"iteration":236,"passed_time":1.737777276,"remaining_time":5.594616294},
{"learn":[0.07551278879],"iteration":237,"passed_time":1.743993098,"remaining_time":5.583708996},
{"learn":[0.07493357107],"iteration":238,"passed_time":1.749386762,"remaining_time":5.570223119},
{"learn":[0.07461154404],"iteration":239,"passed_time":1.754665552,"remaining_time":5.556440915},
{"learn":[0.07447158306],"iteration":240,"passed_time":1.759885107,"remaining_time":5.542542724},
{"learn":[0.07415159864],"iteration":241,"passed_time":1.765445395,"remaining_time":5.52978351},
{"learn":[0.07358755875],"iteration":242,"passed_time":1.771690273,"remaining_time":5.5192162},
{"learn":[0.07324225119],"iteration":243,"passed_time":1.777453497,"remaining_time":5.507191983},
{"learn":[0.07300605214],"iteration":244,"passed_time":1.782935436,"remaining_time":5.494352058},
{"learn":[0.07289810394],"iteration":245,"passed_time":1.788590736,"remaining_time":5.482103313},
{"learn":[0.07242093078],"iteration":246,"passed_time":1.793820275,"remaining_time":5.46860999},
{"learn":[0.07217130927],"iteration":247,"passed_time":1.799157458,"remaining_time":5.455509712},
{"learn":[0.07187107244],"iteration":248,"passed_time":1.804957241,"remaining_time":5.443867019},
{"learn":[0.07138016941],"iteration":249,"passed_time":1.810122932,"remaining_time":5.430368796},
{"learn":[0.0709591974],"iteration":250,"passed_time":1.815982343,"remaining_time":5.419007072},
{"learn":[0.07066564812],"iteration":251,"passed_time":1.822020296,"remaining_time":5.408218972},
{"learn":[0.07019271968],"iteration":252,"passed_time":1.828220378,"remaining_time":5.397947124},
{"learn":[0.06989627113],"iteration":253,"passed_time":1.835431699,"remaining_time":5.390677351},
{"learn":[0.06954516826],"iteration":254,"passed_time":1.842701592,"remaining_time":5.383579162},
{"learn":[0.06924564232],"iteration":255,"passed_time":1.849633471,"remaining_time":5.375497276},
{"learn":[0.06889350789],"iteration":256,"passed_time":1.85631901,"remaining_time":5.366712158},
{"learn":[0.06827664707],"iteration":257,"passed_time":1.862546705,"remaining_time":5.356626569},
{"learn":[0.06763550387],"iteration":258,"passed_time":1.868022525,"remaining_time":5.344419656},
{"learn":[0.06741326452],"iteration":259,"passed_time":1.89561448,"remaining_time":5.395210442},
{"learn":[0.06725004102],"iteration":260,"passed_time":1.901539,"remaining_time":5.384051038},
{"learn":[0.06689716395],"iteration":261,"passed_time":1.911605106,"remaining_time":5.384597589},
{"learn":[0.06666195758],"iteration":262,"passed_time":1.917359295,"remaining_time":5.372980229},
{"learn":[0.06643159286],"iteration":263,"passed_time":1.923742984,"remaining_time":5.363162259},
{"learn":[0.06611647531],"iteration":264,"passed_time":1.929841834,"remaining_time":5.352580182},
{"learn":[0.06588719817],"iteration":265,"passed_time":1.936588354,"remaining_time":5.343818991},
{"learn":[0.06558168494],"iteration":266,"passed_time":1.943161282,"remaining_time":5.33459633},
{"learn":[0.06534898565],"iteration":267,"passed_time":1.949071921,"remaining_time":5.3235845},
{"learn":[0.06488151396],"iteration":268,"passed_time":1.954917716,"remaining_time":5.312434387},
{"learn":[0.06431367937],"iteration":269,"passed_time":1.961418968,"remaining_time":5.303095727},
{"learn":[0.06419353647],"iteration":270,"passed_time":1.967244445,"remaining_time":5.291960149},
{"learn":[0.06374556738],"iteration":271,"passed_time":1.974308523,"remaining_time":5.284178693},
{"learn":[0.06352784562],"iteration":272,"passed_time":1.980160333,"remaining_time":5.273174219},
{"learn":[0.06312353562],"iteration":273,"passed_time":1.985802813,"remaining_time":5.261652708},
{"learn":[0.06284002921],"iteration":274,"passed_time":1.993137681,"remaining_time":5.254635704},
{"learn":[0.06260731331],"iteration":275,"passed_time":1.999059552,"remaining_time":5.24390984},
{"learn":[0.06242836003],"iteration":276,"passed_time":2.004959274,"remaining_time":5.233160848},
{"learn":[0.062282115],"iteration":277,"passed_time":2.01181007,"remaining_time":5.224916801},
{"learn":[0.06184992187],"iteration":278,"passed_time":2.017335601,"remaining_time":5.213257951},
{"learn":[0.06150665288],"iteration":279,"passed_time":2.023548209,"remaining_time":5.203409681},
{"learn":[0.06108109015],"iteration":280,"passed_time":2.029600557,"remaining_time":5.193177226},
{"learn":[0.06090208572],"iteration":281,"passed_time":2.035156052,"remaining_time":5.18170938},
{"learn":[0.06067652295],"iteration":282,"passed_time":2.042651687,"remaining_time":5.175198797},
{"learn":[0.06038899072],"iteration":283,"passed_time":2.048659391,"remaining_time":5.164930013},
{"learn":[0.05994875765],"iteration":284,"passed_time":2.054829576,"remaining_time":5.155098761},
{"learn":[0.05970438158],"iteration":285,"passed_time":2.060996733,"remaining_time":5.14528555},
{"learn":[0.05945883727],"iteration":286,"passed_time":2.067107206,"remaining_time":5.135356926},
{"learn":[0.05911648483],"iteration":287,"passed_time":2.074547655,"remaining_time":5.128742813},
{"learn":[0.05885111832],"iteration":288,"passed_time":2.079917826,"remaining_time":5.117029669},
{"learn":[0.05863662762],"iteration":289,"passed_time":2.085930648,"remaining_time":5.106933655},
{"learn":[0.05854633546],"iteration":290,"passed_time":2.0922778,"remaining_time":5.097680275},
{"learn":[0.05832446827],"iteration":291,"passed_time":2.097909958,"remaining_time":5.086713186},
{"learn":[0.05814159284],"iteration":292,"passed_time":2.105368013,"remaining_time":5.080188345},
{"learn":[0.05782298559],"iteration":293,"passed_time":2.111948688,"remaining_time":5.071550252},
{"learn":[0.05753895691],"iteration":294,"passed_time":2.118883189,"remaining_time":5.063771689},
{"learn":[0.05737883085],"iteration":295,"passed_time":2.125327731,"remaining_time":5.054833522},
{"learn":[0.05695723923],"iteration":296,"passed_time":2.131722913,"remaining_time":5.045795311},
{"learn":[0.05663672064],"iteration":297,"passed_time":2.139149776,"remaining_time":5.039205177},
{"learn":[0.05641377041],"iteration":298,"passed_time":2.144782382,"remaining_time":5.028402843},
{"learn":[0.05618504509],"iteration":299,"passed_time":2.149995362,"remaining_time":5.016655845},
{"learn":[0.05598034906],"iteration":300,"passed_time":2.157189414,"remaining_time":5.009552826},
{"learn":[0.05582490507],"iteration":301,"passed_time":2.163028113,"remaining_time":4.999316632},
{"learn":[0.05550285249],"iteration":302,"passed_time":2.170374603,"remaining_time":4.992577883},
{"learn":[0.05542312704],"iteration":303,"passed_time":2.176032793,"remaining_time":4.981969815},
{"learn":[0.05535049386],"iteration":304,"passed_time":2.181528413,"remaining_time":4.971023761},
{"learn":[0.05518704916],"iteration":305,"passed_time":2.189398142,"remaining_time":4.965497746},
{"learn":[0.05496092166],"iteration":306,"passed_time":2.194730712,"remaining_time":4.954229261},
{"learn":[0.0547260416],"iteration":307,"passed_time":2.201025322,"remaining_time":4.945160788},
{"learn":[0.05440651915],"iteration":308,"passed_time":2.207098019,"remaining_time":4.935614017},
{"learn":[0.05422334406],"iteration":309,"passed_time":2.212784502,"remaining_time":4.92523002},
{"learn":[0.05409322311],"iteration":310,"passed_time":2.21981349,"remaining_time":4.917850464},
{"learn":[0.05379206715],"iteration":311,"passed_time":2.225377829,"remaining_time":4.907243417},
{"learn":[0.05340962728],"iteration":312,"passed_time":2.231465482,"remaining_time":4.897817209},
{"learn":[0.05325098318],"iteration":313,"passed_time":2.238265666,"remaining_time":4.889968939},
{"learn":[0.05302538697],"iteration":314,"passed_time":2.243755666,"remaining_time":4.879278195},
{"learn":[0.05278586848],"iteration":315,"passed_time":2.250741319,"remaining_time":4.871857792},
{"learn":[0.05253286269],"iteration":316,"passed_time":2.256719144,"remaining_time":4.862268692},
{"learn":[0.05238873374],"iteration":317,"passed_time":2.262631813,"remaining_time":4.852562567},
{"learn":[0.0522024659],"iteration":318,"passed_time":2.270375361,"remaining_time":4.846788781},
{"learn":[0.052062992],"iteration":319,"passed_time":2.276246135,"remaining_time":4.837023037},
{"learn":[0.05169507793],"iteration":320,"passed_time":2.283307854,"remaining_time":4.829800726},
{"learn":[0.05146275002],"iteration":321,"passed_time":2.289849587,"remaining_time":4.821484534},
{"learn":[0.05129308885],"iteration":322,"passed_time":2.295265715,"remaining_time":4.810820089},
{"learn":[0.05107042853],"iteration":323,"passed_time":2.302684892,"remaining_time":4.804367243},
{"learn":[0.05090699849],"iteration":324,"passed_time":2.308483798,"remaining_time":4.794543272},
{"learn":[0.05074479253],"iteration":325,"passed_time":2.315377856,"remaining_time":4.787008206},
{"learn":[0.05058030241],"iteration":326,"passed_time":2.321352238,"remaining_time":4.77758427},
{"learn":[0.05044366732],"iteration":327,"passed_time":2.326757719,"remaining_time":4.767015814},
{"learn":[0.05012724181],"iteration":328,"passed_time":2.33339995,"remaining_time":4.759001115},
{"learn":[0.04995512498],"iteration":329,"passed_time":2.339585487,"remaining_time":4.750067503},
{"learn":[0.04962186943],"iteration":330,"passed_time":2.344835139,"remaining_time":4.739258936},
{"learn":[0.04945278461],"iteration":331,"passed_time":2.352443822,"remaining_time":4.73323034},
{"learn":[0.04911122412],"iteration":332,"passed_time":2.358316191,"remaining_time":4.723714412},
{"learn":[0.04895286608],"iteration":333,"passed_time":2.36476261,"remaining_time":4.715364965},
{"learn":[0.04876391619],"iteration":334,"passed_time":2.370616171,"remaining_time":4.705850012},
{"learn":[0.04858140345],"iteration":335,"passed_time":2.375971305,"remaining_time":4.695371865},
{"learn":[0.04838678604],"iteration":336,"passed_time":2.383485858,"remaining_time":4.689172474},
{"learn":[0.04804055602],"iteration":337,"passed_time":2.389051619,"remaining_time":4.679148437},
{"learn":[0.04791877936],"iteration":338,"passed_time":2.394878549,"remaining_time":4.669659943},
{"learn":[0.04786183429],"iteration":339,"passed_time":2.401879183,"remaining_time":4.662471356},
{"learn":[0.0477609389],"iteration":340,"passed_time":2.407380615,"remaining_time":4.652386585},
{"learn":[0.04757440094],"iteration":341,"passed_time":2.414223819,"remaining_time":4.644910155},
{"learn":[0.04751478032],"iteration":342,"passed_time":2.420151887,"remaining_time":4.635684519},
{"learn":[0.04737985639],"iteration":343,"passed_time":2.425891214,"remaining_time":4.626118129},
{"learn":[0.04730467496],"iteration":344,"passed_time":2.433177618,"remaining_time":4.619511129},
{"learn":[0.04716788638],"iteration":345,"passed_time":2.438731044,"remaining_time":4.609624574},
{"learn":[0.04703934989],"iteration":346,"passed_time":2.444437207,"remaining_time":4.600050421},
{"learn":[0.04683740863],"iteration":347,"passed_time":2.451171036,"remaining_time":4.592423896},
{"learn":[0.04649574202],"iteration":348,"passed_time":2.456700147,"remaining_time":4.582555289},
{"learn":[0.04635867955],"iteration":349,"passed_time":2.463838356,"remaining_time":4.575699803},
{"learn":[0.04624892032],"iteration":350,"passed_time":2.469820787,"remaining_time":4.566705672},
{"learn":[0.04619740276],"iteration":351,"passed_time":2.476180558,"remaining_time":4.558423299},
{"learn":[0.04603878888],"iteration":352,"passed_time":2.482998035,"remaining_time":4.550990733},
{"learn":[0.0456711389],"iteration":353,"passed_time":2.48940112,"remaining_time":4.542805434},
{"learn":[0.04545890612],"iteration":354,"passed_time":2.497401979,"remaining_time":4.537533174},
{"learn":[0.0453801179],"iteration":355,"passed_time":2.503422385,"remaining_time":4.528662965},
{"learn":[0.04527367574],"iteration":356,"passed_time":2.509131998,"remaining_time":4.51924895},
{"learn":[0.04508077096],"iteration":357,"passed_time":2.51593915,"remaining_time":4.511823839},
{"learn":[0.04498129708],"iteration":358,"passed_time":2.521670088,"remaining_time":4.502480574},
{"learn":[0.04473205571],"iteration":359,"passed_time":2.529284561,"remaining_time":4.496505886},
{"learn":[0.04463371215],"iteration":360,"passed_time":2.535043361,"remaining_time":4.487237418},
{"learn":[0.04451921953],"iteration":361,"passed_time":2.540202679,"remaining_time":4.476931794},
{"learn":[0.04440855731],"iteration":362,"passed_time":2.547829478,"remaining_time":4.470984512},
{"learn":[0.04426636463],"iteration":363,"passed_time":2.553680236,"remaining_time":4.461924809},
{"learn":[0.04406769897],"iteration":364,"passed_time":2.561063135,"remaining_time":4.455548193},
{"learn":[0.04379369896],"iteration":365,"passed_time":2.566653113,"remaining_time":4.44606031},
{"learn":[0.04371022655],"iteration":366,"passed_time":2.572421275,"remaining_time":4.436901},
{"learn":[0.04361294937],"iteration":367,"passed_time":2.579917786,"remaining_time":4.430728371},
{"learn":[0.04347586694],"iteration":368,"passed_time":2.584903065,"remaining_time":4.420254293},
{"learn":[0.04323943632],"iteration":369,"passed_time":2.591344527,"remaining_time":4.412289329},
{"learn":[0.04301346924],"iteration":370,"passed_time":2.597801193,"remaining_time":4.404358357},
{"learn":[0.04288675091],"iteration":371,"passed_time":2.602977511,"remaining_time":4.394273863},
{"learn":[0.0426449635],"iteration":372,"passed_time":2.612568239,"remaining_time":4.391636154},
{"learn":[0.04240560525],"iteration":373,"passed_time":2.619855934,"remaining_time":4.385106457},
{"learn":[0.04223596964],"iteration":374,"passed_time":2.626797061,"remaining_time":4.377995101},
{"learn":[0.0421148757],"iteration":375,"passed_time":2.632269412,"remaining_time":4.36844711},
{"learn":[0.04197402782],"iteration":376,"passed_time":2.63800514,"remaining_time":4.359355974},
{"learn":[0.04186411064],"iteration":377,"passed_time":2.644962454,"remaining_time":4.352292715},
{"learn":[0.04175106379],"iteration":378,"passed_time":2.650753301,"remaining_time":4.343318733},
{"learn":[0.04166482325],"iteration":379,"passed_time":2.657233038,"remaining_time":4.335485484},
{"learn":[0.04162068136],"iteration":380,"passed_time":2.663149344,"remaining_time":4.326743947},
{"learn":[0.04152009597],"iteration":381,"passed_time":2.668951995,"remaining_time":4.317833332},
{"learn":[0.04146986755],"iteration":382,"passed_time":2.67519884,"remaining_time":4.309654528},
{"learn":[0.04117989442],"iteration":383,"passed_time":2.680724025,"remaining_time":4.300328123},
{"learn":[0.04099757781],"iteration":384,"passed_time":2.687178236,"remaining_time":4.292505495},
{"learn":[0.04084927067],"iteration":385,"passed_time":2.694332752,"remaining_time":4.285803912},
{"learn":[0.04071591371],"iteration":386,"passed_time":2.700600937,"remaining_time":4.277696058},
{"learn":[0.04061368812],"iteration":387,"passed_time":2.707158655,"remaining_time":4.270054373},
{"learn":[0.04052062825],"iteration":388,"passed_time":2.713296093,"remaining_time":4.26175813},
{"learn":[0.04039553475],"iteration":389,"passed_time":2.719132166,"remaining_time":4.253001592},
{"learn":[0.04026691868],"iteration":390,"passed_time":2.725969936,"remaining_time":4.245820182},
{"learn":[0.04018048394],"iteration":391,"passed_time":2.732075988,"remaining_time":4.237505615},
{"learn":[0.04006146726],"iteration":392,"passed_time":2.73796115,"remaining_time":4.228861114},
{"learn":[0.0400202364],"iteration":393,"passed_time":2.744663455,"remaining_time":4.221487446},
{"learn":[0.03981572155],"iteration":394,"passed_time":2.750203125,"remaining_time":4.212336432},
{"learn":[0.03969822874],"iteration":395,"passed_time":2.756343739,"remaining_time":4.204120248},
{"learn":[0.03958125021],"iteration":396,"passed_time":2.762321323,"remaining_time":4.195666895},
{"learn":[0.03946066024],"iteration":397,"passed_time":2.767571118,"remaining_time":4.186125158},
{"learn":[0.03938695733],"iteration":398,"passed_time":2.773814754,"remaining_time":4.178101922},
{"learn":[0.03925101187],"iteration":399,"passed_time":2.779609383,"remaining_time":4.169414075},
{"learn":[0.03913227319],"iteration":400,"passed_time":2.785165345,"remaining_time":4.160384144},
{"learn":[0.0390360967],"iteration":401,"passed_time":2.791795187,"remaining_time":4.152968959},
{"learn":[0.03892635907],"iteration":402,"passed_time":2.796866242,"remaining_time":4.143248503},
{"learn":[0.03889199489],"iteration":403,"passed_time":2.802470689,"remaining_time":4.134337947},
{"learn":[0.03883456702],"iteration":404,"passed_time":2.809297481,"remaining_time":4.12723951},
{"learn":[0.03867837742],"iteration":405,"passed_time":2.814825957,"remaining_time":4.118242902},
{"learn":[0.03858704132],"iteration":406,"passed_time":2.820595051,"remaining_time":4.109613919},
{"learn":[0.03848105652],"iteration":407,"passed_time":2.82595014,"remaining_time":4.100398243},
{"learn":[0.03842934243],"iteration":408,"passed_time":2.831873819,"remaining_time":4.092023049},
{"learn":[0.03833073987],"iteration":409,"passed_time":2.838471652,"remaining_time":4.084629938},
{"learn":[0.03824568244],"iteration":410,"passed_time":2.845152855,"remaining_time":4.077360175},
{"learn":[0.03815279411],"iteration":411,"passed_time":2.850453061,"remaining_time":4.06812233},
{"learn":[0.03805891084],"iteration":412,"passed_time":2.856926343,"remaining_time":4.060570856},
{"learn":[0.03799193514],"iteration":413,"passed_time":2.862044044,"remaining_time":4.051105821},
{"learn":[0.03789928971],"iteration":414,"passed_time":2.867491815,"remaining_time":4.042127016},
{"learn":[0.03782259082],"iteration":415,"passed_time":2.873813408,"remaining_time":4.034391899},
{"learn":[0.03773560751],"iteration":416,"passed_time":2.879416848,"remaining_time":4.025659527},
{"learn":[0.03763614181],"iteration":417,"passed_time":2.886544578,"remaining_time":4.01906446},
{"learn":[0.03759554976],"iteration":418,"passed_time":2.89212819,"remaining_time":4.010325725},
{"learn":[0.03748401185],"iteration":419,"passed_time":2.897553873,"remaining_time":4.00138392},
{"learn":[0.03736119559],"iteration":420,"passed_time":2.905344995,"remaining_time":3.995712001},
{"learn":[0.0372740056],"iteration":421,"passed_time":2.910776356,"remaining_time":3.986797947},
{"learn":[0.03706110956],"iteration":422,"passed_time":2.9168638,"remaining_time":3.978795301},
{"learn":[0.03689407359],"iteration":423,"passed_time":2.922748463,"remaining_time":3.970526213},
{"learn":[0.03678379131],"iteration":424,"passed_time":2.928845772,"remaining_time":3.962556044},
{"learn":[0.03665453098],"iteration":425,"passed_time":2.93542529,"remaining_time":3.955244405},
{"learn":[0.03656129588],"iteration":426,"passed_time":2.941757174,"remaining_time":3.947603889},
{"learn":[0.03646980097],"iteration":427,"passed_time":2.947875581,"remaining_time":3.939684187},
{"learn":[0.03638522167],"iteration":428,"passed_time":2.954145809,"remaining_time":3.931974957},
{"learn":[0.03630770859],"iteration":429,"passed_time":2.960239704,"remaining_time":3.924038677},
{"learn":[0.03623256814],"iteration":430,"passed_time":2.965982986,"remaining_time":3.915648072},
{"learn":[0.03610563862],"iteration":431,"passed_time":2.971665884,"remaining_time":3.907190329},
{"learn":[0.03598183561],"iteration":432,"passed_time":2.976827147,"remaining_time":3.898062339},
{"learn":[0.03591332007],"iteration":433,"passed_time":2.9830157,"remaining_time":3.890292364},
{"learn":[0.03577742436],"iteration":434,"passed_time":2.988746398,"remaining_time":3.881934977},
{"learn":[0.03568220445],"iteration":435,"passed_time":2.994252286,"remaining_time":3.873298829},
{"learn":[0.03561197055],"iteration":436,"passed_time":3.000615489,"remaining_time":3.865781511},
{"learn":[0.03551631373],"iteration":437,"passed_time":3.006038135,"remaining_time":3.85706263},
{"learn":[0.03542812433],"iteration":438,"passed_time":3.011389185,"remaining_time":3.848267273},
{"learn":[0.03535215834],"iteration":439,"passed_time":3.017461239,"remaining_time":3.840405213},
{"learn":[0.03527090077],"iteration":440,"passed_time":3.02382173,"remaining_time":3.832916887},
{"learn":[0.03519526885],"iteration":441,"passed_time":3.029276874,"remaining_time":3.824290714},
{"learn":[0.03504971494],"iteration":442,"passed_time":3.035428904,"remaining_time":3.816555078},
{"learn":[0.03491886915],"iteration":443,"passed_time":3.041617837,"remaining_time":3.808872786},
{"learn":[0.03484716814],"iteration":444,"passed_time":3.047794364,"remaining_time":3.801181735},
{"learn":[0.03480278764],"iteration":445,"passed_time":3.054500059,"remaining_time":3.794154782},
{"learn":[0.03470390448],"iteration":446,"passed_time":3.06006063,"remaining_time":3.785712592},
{"learn":[0.034542153],"iteration":447,"passed_time":3.06746108,"remaining_time":3.779550259},
{"learn":[0.03436749776],"iteration":448,"passed_time":3.073072726,"remaining_time":3.771187243},
{"learn":[0.03431155884],"iteration":449,"passed_time":3.078307423,"remaining_time":3.762375739},
{"learn":[0.03421652537],"iteration":450,"passed_time":3.085507567,"remaining_time":3.755972626},
{"learn":[0.03415587899],"iteration":451,"passed_time":3.090752687,"remaining_time":3.747195736},
{"learn":[0.03408893298],"iteration":452,"passed_time":3.100272845,"remaining_time":3.74359657},
{"learn":[0.03401747127],"iteration":453,"passed_time":3.106324956,"remaining_time":3.735800497},
{"learn":[0.03392278911],"iteration":454,"passed_time":3.112997798,"remaining_time":3.728755604},
{"learn":[0.03376891717],"iteration":455,"passed_time":3.118865637,"remaining_time":3.720751987},
{"learn":[0.0336838183],"iteration":456,"passed_time":3.125568575,"remaining_time":3.71374997},
{"learn":[0.03365700107],"iteration":457,"passed_time":3.132179223,"remaining_time":3.706640041},
{"learn":[0.03357023599],"iteration":458,"passed_time":3.1385169,"remaining_time":3.699210551},
{"learn":[0.03350247998],"iteration":459,"passed_time":3.144193636,"remaining_time":3.691009921},
{"learn":[0.03347455344],"iteration":460,"passed_time":3.150526795,"remaining_time":3.683587728},
{"learn":[0.0333389489],"iteration":461,"passed_time":3.156455918,"remaining_time":3.675699749},
{"learn":[0.03321321406],"iteration":462,"passed_time":3.162597817,"remaining_time":3.668067015},
{"learn":[0.03315219065],"iteration":463,"passed_time":3.169180425,"remaining_time":3.660949801},
{"learn":[0.03312155028],"iteration":464,"passed_time":3.174309919,"remaining_time":3.652163025},
{"learn":[0.03304052317],"iteration":465,"passed_time":3.181301211,"remaining_time":3.645525422},
{"learn":[0.03293354374],"iteration":466,"passed_time":3.187131396,"remaining_time":3.637561101},
{"learn":[0.03287001011],"iteration":467,"passed_time":3.192466211,"remaining_time":3.629042787},
{"learn":[0.03270715007],"iteration":468,"passed_time":3.199162223,"remaining_time":3.62207919},
{"learn":[0.03264078577],"iteration":469,"passed_time":3.204946118,"remaining_time":3.614088176},
{"learn":[0.03256299194],"iteration":470,"passed_time":3.211556851,"remaining_time":3.607035189},
{"learn":[0.03249943357],"iteration":471,"passed_time":3.216914853,"remaining_time":3.598582717},
{"learn":[0.03237170626],"iteration":472,"passed_time":3.222005611,"remaining_time":3.589845575},
{"learn":[0.03226196236],"iteration":473,"passed_time":3.228548308,"remaining_time":3.582735042},
{"learn":[0.03219844733],"iteration":474,"passed_time":3.234737028,"remaining_time":3.575235663},
{"learn":[0.03211099264],"iteration":475,"passed_time":3.240185569,"remaining_time":3.566926971},
{"learn":[0.03203234948],"iteration":476,"passed_time":3.247010531,"remaining_time":3.560139429},
{"learn":[0.03198856812],"iteration":477,"passed_time":3.2523963,"remaining_time":3.55178006},
{"learn":[0.03183961553],"iteration":478,"passed_time":3.258351515,"remaining_time":3.544052483},
{"learn":[0.03179457099],"iteration":479,"passed_time":3.264949618,"remaining_time":3.537028752},
{"learn":[0.03173263997],"iteration":480,"passed_time":3.269958151,"remaining_time":3.528291643},
{"learn":[0.03169063282],"iteration":481,"passed_time":3.275563316,"remaining_time":3.520211199},
{"learn":[0.0315686214],"iteration":482,"passed_time":3.281855741,"remaining_time":3.512876642},
{"learn":[0.03150522636],"iteration":483,"passed_time":3.287760364,"remaining_time":3.505132951},
{"learn":[0.03143028004],"iteration":484,"passed_time":3.294987735,"remaining_time":3.498801409},
{"learn":[0.03140121311],"iteration":485,"passed_time":3.300175942,"remaining_time":3.490309535},
{"learn":[0.03134890494],"iteration":486,"passed_time":3.305617141,"remaining_time":3.482097727},
{"learn":[0.03128159645],"iteration":487,"passed_time":3.314327642,"remaining_time":3.477327362},
{"learn":[0.03125951799],"iteration":488,"passed_time":3.320249003,"remaining_time":3.469626259},
{"learn":[0.0311534695],"iteration":489,"passed_time":3.327621097,"remaining_time":3.463442367},
{"learn":[0.03102252752],"iteration":490,"passed_time":3.333310116,"remaining_time":3.455508857},
{"learn":[0.03097933016],"iteration":491,"passed_time":3.339336066,"remaining_time":3.447932361},
{"learn":[0.03085358081],"iteration":492,"passed_time":3.345524598,"remaining_time":3.440529354},
{"learn":[0.03082548312],"iteration":493,"passed_time":3.353774783,"remaining_time":3.435242997},
{"learn":[0.03077819855],"iteration":494,"passed_time":3.360007573,"remaining_time":3.427886513},
{"learn":[0.03071877922],"iteration":495,"passed_time":3.364902619,"remaining_time":3.419175242},
{"learn":[0.03066666897],"iteration":496,"passed_time":3.370032908,"remaining_time":3.41071741},
{"learn":[0.03050298551],"iteration":497,"passed_time":3.37626927,"remaining_time":3.403387899},
{"learn":[0.03039107682],"iteration":498,"passed_time":3.382830357,"remaining_time":3.396388795},
{"learn":[0.03031119057],"iteration":499,"passed_time":3.388487459,"remaining_time":3.388487459},
{"learn":[0.03026065243],"iteration":500,"passed_time":3.394174733,"remaining_time":3.380625133},
{"learn":[0.03016114167],"iteration":501,"passed_time":3.399522638,"remaining_time":3.372434808},
{"learn":[0.03010017656],"iteration":502,"passed_time":3.405652831,"remaining_time":3.365028742},
{"learn":[0.03005166852],"iteration":503,"passed_time":3.411932546,"remaining_time":3.357774886},
{"learn":[0.03002910142],"iteration":504,"passed_time":3.416903576,"remaining_time":3.349242119},
{"learn":[0.02988142865],"iteration":505,"passed_time":3.422665245,"remaining_time":3.341495319},
{"learn":[0.02982315029],"iteration":506,"passed_time":3.428486659,"remaining_time":3.333814444},
{"learn":[0.02978299161],"iteration":507,"passed_time":3.434397466,"remaining_time":3.326227467},
{"learn":[0.0296813596],"iteration":508,"passed_time":3.441258871,"remaining_time":3.319564058},
{"learn":[0.02954270908],"iteration":509,"passed_time":3.446426635,"remaining_time":3.31127265},
{"learn":[0.02949233186],"iteration":510,"passed_time":3.45172618,"remaining_time":3.303119574},
{"learn":[0.02939800515],"iteration":511,"passed_time":3.459295036,"remaining_time":3.297140581},
{"learn":[0.02935062092],"iteration":512,"passed_time":3.465114367,"remaining_time":3.289494535},
{"learn":[0.02929234963],"iteration":513,"passed_time":3.471898853,"remaining_time":3.282768177},
{"learn":[0.02923810483],"iteration":514,"passed_time":3.478347015,"remaining_time":3.275724859},
{"learn":[0.02918620122],"iteration":515,"passed_time":3.483188716,"remaining_time":3.267177013},
{"learn":[0.02907003244],"iteration":516,"passed_time":3.489559484,"remaining_time":3.260072013},
{"learn":[0.02902256339],"iteration":517,"passed_time":3.495622249,"remaining_time":3.252683251},
{"learn":[0.0289539848],"iteration":518,"passed_time":3.500900916,"remaining_time":3.244572911},
{"learn":[0.02892397291],"iteration":519,"passed_time":3.506977185,"remaining_time":3.237209709},
{"learn":[0.02887952986],"iteration":520,"passed_time":3.511790979,"remaining_time":3.228690746},
{"learn":[0.02882297557],"iteration":521,"passed_time":3.517197034,"remaining_time":3.220728319},
{"learn":[0.0287766434],"iteration":522,"passed_time":3.523752924,"remaining_time":3.213824369},
{"learn":[0.02872449828],"iteration":523,"passed_time":3.52966541,"remaining_time":3.206337281},
{"learn":[0.02868029997],"iteration":524,"passed_time":3.535573557,"remaining_time":3.198852265},
{"learn":[0.02854963337],"iteration":525,"passed_time":3.54086585,"remaining_time":3.190818275},
{"learn":[0.02847542956],"iteration":526,"passed_time":3.546343489,"remaining_time":3.182961044},
{"learn":[0.02843009709],"iteration":527,"passed_time":3.552527618,"remaining_time":3.175744386},
{"learn":[0.02833482872],"iteration":528,"passed_time":3.55840239,"remaining_time":3.168256192},
{"learn":[0.02828538071],"iteration":529,"passed_time":3.564381536,"remaining_time":3.160866645},
{"learn":[0.02820057006],"iteration":530,"passed_time":3.571305055,"remaining_time":3.154316518},
{"learn":[0.02815347343],"iteration":531,"passed_time":3.576424016,"remaining_time":3.146177518},
{"learn":[0.02809694463],"iteration":532,"passed_time":3.582206201,"remaining_time":3.138630949},
{"learn":[0.02804676807],"iteration":533,"passed_time":3.590650164,"remaining_time":3.133413813},
{"learn":[0.02799695449],"iteration":534,"passed_time":3.596739627,"remaining_time":3.12613818},
{"learn":[0.02790784664],"iteration":535,"passed_time":3.604238492,"remaining_time":3.120087053},
{"learn":[0.02784887419],"iteration":536,"passed_time":3.609415637,"remaining_time":3.112028752},
{"learn":[0.02780085994],"iteration":537,"passed_time":3.612300297,"remaining_time":3.102012522},
{"learn":[0.0277477817],"iteration":538,"passed_time":3.618340454,"remaining_time":3.094721612},
{"learn":[0.02764609036],"iteration":539,"passed_time":3.624398731,"remaining_time":3.087450771},
{"learn":[0.02755441615],"iteration":540,"passed_time":3.629850194,"remaining_time":3.079669573},
{"learn":[0.02747771373],"iteration":541,"passed_time":3.636385647,"remaining_time":3.072812964},
{"learn":[0.02738172355],"iteration":542,"passed_time":3.641256909,"remaining_time":3.06455692},
{"learn":[0.02736399319],"iteration":543,"passed_time":3.646425618,"remaining_time":3.056562651},
{"learn":[0.02732469892],"iteration":544,"passed_time":3.65306275,"remaining_time":3.049804681},
{"learn":[0.02729251138],"iteration":545,"passed_time":3.658471275,"remaining_time":3.042025566},
{"learn":[0.02715735326],"iteration":546,"passed_time":3.663853494,"remaining_time":3.034233332},
{"learn":[0.02705394834],"iteration":547,"passed_time":3.669409486,"remaining_time":3.026593225},
{"learn":[0.02701445033],"iteration":548,"passed_time":3.675445149,"remaining_time":3.019354758},
{"learn":[0.02692035234],"iteration":549,"passed_time":3.681495203,"remaining_time":3.012132439},
{"learn":[0.0268825447],"iteration":550,"passed_time":3.686797304,"remaining_time":3.004304881},
{"learn":[0.02684763326],"iteration":551,"passed_time":3.692324051,"remaining_time":2.996668795},
{"learn":[0.02679086543],"iteration":552,"passed_time":3.697819753,"remaining_time":2.989015243},
{"learn":[0.02674439801],"iteration":553,"passed_time":3.703603758,"remaining_time":2.981601581},
{"learn":[0.02668434267],"iteration":554,"passed_time":3.709361486,"remaining_time":2.974172723},
{"learn":[0.02659243311],"iteration":555,"passed_time":3.715386881,"remaining_time":2.966963624},
{"learn":[0.02652578634],"iteration":556,"passed_time":3.720966675,"remaining_time":2.959404376},
{"learn":[0.0264705506],"iteration":557,"passed_time":3.726968584,"remaining_time":2.952186584},
{"learn":[0.02643200495],"iteration":558,"passed_time":3.733183891,"remaining_time":2.945141495},
{"learn":[0.02633046998],"iteration":559,"passed_time":3.738726308,"remaining_time":2.93757067},
{"learn":[0.02625144821],"iteration":560,"passed_time":3.744392864,"remaining_time":2.93010422},
{"learn":[0.0261924318],"iteration":561,"passed_time":3.75060608,"remaining_time":2.923070219},
{"learn":[0.02613679711],"iteration":562,"passed_time":3.756948996,"remaining_time":2.916139807},
{"learn":[0.02604514079],"iteration":563,"passed_time":3.762443563,"remaining_time":2.908555662},
{"learn":[0.02600303753],"iteration":564,"passed_time":3.768478768,"remaining_time":2.901395157},
{"learn":[0.02592534935],"iteration":565,"passed_time":3.773918875,"remaining_time":2.893782318},
{"learn":[0.02588283214],"iteration":566,"passed_time":3.779533036,"remaining_time":2.886310061},
{"learn":[0.02580278214],"iteration":567,"passed_time":3.784662807,"remaining_time":2.878475937},
{"learn":[0.02578107437],"iteration":568,"passed_time":3.790284024,"remaining_time":2.871023576},
{"learn":[0.02573400118],"iteration":569,"passed_time":3.795898721,"remaining_time":2.86357272},
{"learn":[0.02571398349],"iteration":570,"passed_time":3.801133703,"remaining_time":2.85584301},
{"learn":[0.02564290167],"iteration":571,"passed_time":3.806328507,"remaining_time":2.84809196},
{"learn":[0.02562520845],"iteration":572,"passed_time":3.812138807,"remaining_time":2.8408085},
{"learn":[0.02558332631],"iteration":573,"passed_time":3.817351114,"remaining_time":2.833086367},
{"learn":[0.02551080589],"iteration":574,"passed_time":3.822473185,"remaining_time":2.825306267},
{"learn":[0.02537658766],"iteration":575,"passed_time":3.829060263,"remaining_time":2.818613805},
{"learn":[0.02530800405],"iteration":576,"passed_time":3.834247841,"remaining_time":2.810895731},
{"learn":[0.02526473727],"iteration":577,"passed_time":3.839963049,"remaining_time":2.803571638},
{"learn":[0.02520054059],"iteration":578,"passed_time":3.846343726,"remaining_time":2.796736975},
{"learn":[0.02518539006],"iteration":579,"passed_time":3.85213896,"remaining_time":2.789479936},
{"learn":[0.02514696641],"iteration":580,"passed_time":3.857436352,"remaining_time":2.781868901},
{"learn":[0.02510387078],"iteration":581,"passed_time":3.863146692,"remaining_time":2.774562401},
{"learn":[0.02500469572],"iteration":582,"passed_time":3.868953765,"remaining_time":2.767330566},
{"learn":[0.02496863422],"iteration":583,"passed_time":3.874590282,"remaining_time":2.759982119},
{"learn":[0.02493161589],"iteration":584,"passed_time":3.880235272,"remaining_time":2.752645535},
{"learn":[0.02490595386],"iteration":585,"passed_time":3.885985367,"remaining_time":2.745388979},
{"learn":[0.02486545529],"iteration":586,"passed_time":3.891596873,"remaining_time":2.738040048},
{"learn":[0.0248226416],"iteration":587,"passed_time":3.897216511,"remaining_time":2.730702725},
{"learn":[0.02476904332],"iteration":588,"passed_time":3.902421346,"remaining_time":2.723081788},
{"learn":[0.02474037415],"iteration":589,"passed_time":3.908125802,"remaining_time":2.715816235},
{"learn":[0.02470533006],"iteration":590,"passed_time":3.914291397,"remaining_time":2.708875095},
{"learn":[0.02465666448],"iteration":591,"passed_time":3.922944783,"remaining_time":2.703651134},
{"learn":[0.0246345615],"iteration":592,"passed_time":3.929775866,"remaining_time":2.697164886},
{"learn":[0.02458870895],"iteration":593,"passed_time":3.93623664,"remaining_time":2.69042437},
{"learn":[0.02454076052],"iteration":594,"passed_time":3.942325392,"remaining_time":2.683431569},
{"learn":[0.02450230641],"iteration":595,"passed_time":3.948588955,"remaining_time":2.676560298},
{"learn":[0.02445752326],"iteration":596,"passed_time":3.954463785,"remaining_time":2.669428652},
{"learn":[0.02438579811],"iteration":597,"passed_time":3.960764151,"remaining_time":2.662587272},
{"learn":[0.02427927899],"iteration":598,"passed_time":3.967079849,"remaining_time":2.655757963},
{"learn":[0.02422904212],"iteration":599,"passed_time":3.9730139,"remaining_time":2.648675934},
{"learn":[0.02413384634],"iteration":600,"passed_time":3.97951089,"remaining_time":2.641971456},
{"learn":[0.02404200706],"iteration":601,"passed_time":3.987520363,"remaining_time":2.636267616},
{"learn":[0.02399449606],"iteration":602,"passed_time":3.994488956,"remaining_time":2.629870838},
{"learn":[0.02397776235],"iteration":603,"passed_time":4.001267165,"remaining_time":2.623347347},
{"learn":[0.0239447873],"iteration":604,"passed_time":4.007249254,"remaining_time":2.616303232},
{"learn":[0.02386928082],"iteration":605,"passed_time":4.013105048,"remaining_time":2.60918051},
{"learn":[0.0238326197],"iteration":606,"passed_time":4.019600749,"remaining_time":2.602476268},
{"learn":[0.02377250257],"iteration":607,"passed_time":4.025714388,"remaining_time":2.595526382},
{"learn":[0.02372283243],"iteration":608,"passed_time":4.031931756,"remaining_time":2.58864584},
{"learn":[0.02366376516],"iteration":609,"passed_time":4.038279622,"remaining_time":2.581850906},
{"learn":[0.02363451709],"iteration":610,"passed_time":4.043353135,"remaining_time":2.574246104},
{"learn":[0.02355171241],"iteration":611,"passed_time":4.051203,"remaining_time":2.568409745},
{"learn":[0.02351575206],"iteration":612,"passed_time":4.059017848,"remaining_time":2.56254471},
{"learn":[0.02347195647],"iteration":613,"passed_time":4.065917102,"remaining_time":2.556097722},
{"learn":[0.02342456934],"iteration":614,"passed_time":4.071763421,"remaining_time":2.548990109},
{"learn":[0.0233510043],"iteration":615,"passed_time":4.077492271,"remaining_time":2.541813364},
{"learn":[0.02329218151],"iteration":616,"passed_time":4.08377182,"remaining_time":2.534983155},
{"learn":[0.02324715942],"iteration":617,"passed_time":4.090404984,"remaining_time":2.528373307},
{"learn":[0.02323325814],"iteration":618,"passed_time":4.097020045,"remaining_time":2.521752241},
{"learn":[0.02318879842],"iteration":619,"passed_time":4.101961086,"remaining_time":2.514105182},
{"learn":[0.02316750525],"iteration":620,"passed_time":4.104721854,"remaining_time":2.505136204},
{"learn":[0.0231322093],"iteration":621,"passed_time":4.110885092,"remaining_time":2.498254927},
{"learn":[0.02310146214],"iteration":622,"passed_time":4.116636812,"remaining_time":2.491126931},
{"learn":[0.02306368267],"iteration":623,"passed_time":4.125815461,"remaining_time":2.486068291},
{"learn":[0.0230013703],"iteration":624,"passed_time":4.13305721,"remaining_time":2.479834326},
{"learn":[0.02291708173],"iteration":625,"passed_time":4.139037559,"remaining_time":2.472843526},
{"learn":[0.02287364557],"iteration":626,"passed_time":4.145790222,"remaining_time":2.466315395},
{"learn":[0.022859084],"iteration":627,"passed_time":4.153019729,"remaining_time":2.460069011},
{"learn":[0.02282538903],"iteration":628,"passed_time":4.160050479,"remaining_time":2.45370227},
{"learn":[0.02277627223],"iteration":629,"passed_time":4.166653524,"remaining_time":2.447082228},
{"learn":[0.02274237718],"iteration":630,"passed_time":4.171779282,"remaining_time":2.439598344},
{"learn":[0.0226705549],"iteration":631,"passed_time":4.177545802,"remaining_time":2.432495024},
{"learn":[0.02259747803],"iteration":632,"passed_time":4.183140419,"remaining_time":2.425296262},
{"learn":[0.02250087931],"iteration":633,"passed_time":4.188573288,"remaining_time":2.418009185},
{"learn":[0.022462053],"iteration":634,"passed_time":4.194240362,"remaining_time":2.41086257},
{"learn":[0.02238842725],"iteration":635,"passed_time":4.199766289,"remaining_time":2.403639826},
{"learn":[0.02234950749],"iteration":636,"passed_time":4.205666859,"remaining_time":2.396635903},
{"learn":[0.02230625739],"iteration":637,"passed_time":4.2114629,"remaining_time":2.389576128},
{"learn":[0.02229030778],"iteration":638,"passed_time":4.216420746,"remaining_time":2.382046775},
{"learn":[0.02223506581],"iteration":639,"passed_time":4.221152465,"remaining_time":2.374398261},
{"learn":[0.02215543086],"iteration":640,"passed_time":4.227385456,"remaining_time":2.367599655},
{"learn":[0.02210628335],"iteration":641,"passed_time":4.233419189,"remaining_time":2.360691697},
{"learn":[0.02207172224],"iteration":642,"passed_time":4.238706078,"remaining_time":2.353371804},
{"learn":[0.02205904478],"iteration":643,"passed_time":4.244253974,"remaining_time":2.346202508},
{"learn":[0.02203581661],"iteration":644,"passed_time":4.249461824,"remaining_time":2.338851082},
{"learn":[0.0220107538],"iteration":645,"passed_time":4.255201556,"remaining_time":2.331797756},
{"learn":[0.02199772875],"iteration":646,"passed_time":4.261093878,"remaining_time":2.324831745},
{"learn":[0.02198512619],"iteration":647,"passed_time":4.265954198,"remaining_time":2.317308453},
{"learn":[0.02190113072],"iteration":648,"passed_time":4.270970008,"remaining_time":2.309877462},
{"learn":[0.02187683073],"iteration":649,"passed_time":4.276552525,"remaining_time":2.302759052},
{"learn":[0.02181982036],"iteration":650,"passed_time":4.282224333,"remaining_time":2.295693229},
{"learn":[0.02178749802],"iteration":651,"passed_time":4.287738243,"remaining_time":2.288547406},
{"learn":[0.02174510703],"iteration":652,"passed_time":4.293486156,"remaining_time":2.281530928},
{"learn":[0.02170273835],"iteration":653,"passed_time":4.298842125,"remaining_time":2.274310971},
{"learn":[0.02167681572],"iteration":654,"passed_time":4.304382408,"remaining_time":2.267193787},
{"learn":[0.02162367904],"iteration":655,"passed_time":4.310679143,"remaining_time":2.260478087},
{"learn":[0.02159535372],"iteration":656,"passed_time":4.316112111,"remaining_time":2.253312715},
{"learn":[0.02156426214],"iteration":657,"passed_time":4.321289511,"remaining_time":2.246019776},
{"learn":[0.02149935418],"iteration":658,"passed_time":4.327210554,"remaining_time":2.239118056},
{"learn":[0.0214365216],"iteration":659,"passed_time":4.333075494,"remaining_time":2.232190406},
{"learn":[0.02141196009],"iteration":660,"passed_time":4.3395595,"remaining_time":2.225583465},
{"learn":[0.02138084678],"iteration":661,"passed_time":4.34481862,"remaining_time":2.218351501},
{"learn":[0.02135615322],"iteration":662,"passed_time":4.349679619,"remaining_time":2.210923125},
{"learn":[0.02132741863],"iteration":663,"passed_time":4.355714762,"remaining_time":2.204096627},
{"learn":[0.02130084709],"iteration":664,"passed_time":4.361642286,"remaining_time":2.197218294},
{"learn":[0.02125590147],"iteration":665,"passed_time":4.367721354,"remaining_time":2.190418817},
{"learn":[0.02122359203],"iteration":666,"passed_time":4.374155594,"remaining_time":2.18379882},
{"learn":[0.02117303829],"iteration":667,"passed_time":4.380945317,"remaining_time":2.177356056},
{"learn":[0.02114149724],"iteration":668,"passed_time":4.386934034,"remaining_time":2.170515942},
{"learn":[0.02111801983],"iteration":669,"passed_time":4.393410682,"remaining_time":2.163918694},
{"learn":[0.02109997208],"iteration":670,"passed_time":4.399303094,"remaining_time":2.157035347},
{"learn":[0.02108497493],"iteration":671,"passed_time":4.40509715,"remaining_time":2.150106942},
{"learn":[0.02103803932],"iteration":672,"passed_time":4.409968613,"remaining_time":2.142733635},
{"learn":[0.02100955375],"iteration":673,"passed_time":4.415408579,"remaining_time":2.135642725},
{"learn":[0.02098876295],"iteration":674,"passed_time":4.421440398,"remaining_time":2.128841673},
{"learn":[0.0209592364],"iteration":675,"passed_time":4.426405793,"remaining_time":2.121531771},
{"learn":[0.02088566556],"iteration":676,"passed_time":4.431488246,"remaining_time":2.114284643},
{"learn":[0.0208240987],"iteration":677,"passed_time":4.436460185,"remaining_time":2.106991415},
{"learn":[0.02081415634],"iteration":678,"passed_time":4.441553803,"remaining_time":2.099762549},
{"learn":[0.02079964566],"iteration":679,"passed_time":4.446573832,"remaining_time":2.092505333},
{"learn":[0.02075715016],"iteration":680,"passed_time":4.4512717,"remaining_time":2.085103777},
{"learn":[0.02070515519],"iteration":681,"passed_time":4.456892401,"remaining_time":2.078140445},
{"learn":[0.02067526785],"iteration":682,"passed_time":4.46151005,"remaining_time":2.070715499},
{"learn":[0.02061626627],"iteration":683,"passed_time":4.466413541,"remaining_time":2.063430817},
{"learn":[0.02058332493],"iteration":684,"passed_time":4.472621462,"remaining_time":2.056752935},
{"learn":[0.02055624336],"iteration":685,"passed_time":4.478270459,"remaining_time":2.049820589},
{"learn":[0.02052466543],"iteration":686,"passed_time":4.48408732,"remaining_time":2.042968459},
{"learn":[0.02046516138],"iteration":687,"passed_time":4.490744472,"remaining_time":2.0365004},
{"learn":[0.02042505712],"iteration":688,"passed_time":4.496451566,"remaining_time":2.029602956},
{"learn":[0.02040641809],"iteration":689,"passed_time":4.503002467,"remaining_time":2.023088065},
{"learn":[0.02039676676],"iteration":690,"passed_time":4.50867574,"remaining_time":2.016180613},
{"learn":[0.02035056971],"iteration":691,"passed_time":4.514620998,"remaining_time":2.009397785},
{"learn":[0.0203112044],"iteration":692,"passed_time":4.520579776,"remaining_time":2.002623364},
{"learn":[0.0202550001],"iteration":693,"passed_time":4.52596992,"remaining_time":1.99560057},
{"learn":[0.02022210845],"iteration":694,"passed_time":4.530661579,"remaining_time":1.988275945},
{"learn":[0.02020358078],"iteration":695,"passed_time":4.536239465,"remaining_time":1.981345973},
{"learn":[0.02015058093],"iteration":696,"passed_time":4.541122693,"remaining_time":1.9741179},
{"learn":[0.02012363217],"iteration":697,"passed_time":4.545797693,"remaining_time":1.966806452},
{"learn":[0.02009789066],"iteration":698,"passed_time":4.551442637,"remaining_time":1.95992022},
{"learn":[0.020076329],"iteration":699,"passed_time":4.562567755,"remaining_time":1.955386181},
{"learn":[0.02004812586],"iteration":700,"passed_time":4.570991859,"remaining_time":1.949681264},
{"learn":[0.02000213565],"iteration":701,"passed_time":4.577105846,"remaining_time":1.942987952},
{"learn":[0.0199763405],"iteration":702,"passed_time":4.584073894,"remaining_time":1.936657107},
{"learn":[0.01993420244],"iteration":703,"passed_time":4.589582097,"remaining_time":1.929710655},
{"learn":[0.01988275522],"iteration":704,"passed_time":4.596365806,"remaining_time":1.923302004},
{"learn":[0.01980580356],"iteration":705,"passed_time":4.603541011,"remaining_time":1.917055322},
{"learn":[0.01978630424],"iteration":706,"passed_time":4.608966834,"remaining_time":1.910081022},
{"learn":[0.01975085432],"iteration":707,"passed_time":4.614203583,"remaining_time":1.903033116},
{"learn":[0.01970293623],"iteration":708,"passed_time":4.619644306,"remaining_time":1.896074038},
{"learn":[0.01966574385],"iteration":709,"passed_time":4.624989613,"remaining_time":1.889080264},
{"learn":[0.01963834018],"iteration":710,"passed_time":4.629894532,"remaining_time":1.881912124},
{"learn":[0.01958499147],"iteration":711,"passed_time":4.635153937,"remaining_time":1.874893727},
{"learn":[0.01955718379],"iteration":712,"passed_time":4.640447323,"remaining_time":1.867893943},
{"learn":[0.01953019521],"iteration":713,"passed_time":4.645461123,"remaining_time":1.860786949},
{"learn":[0.0194913039],"iteration":714,"passed_time":4.650232533,"remaining_time":1.853589192},
{"learn":[0.01946718813],"iteration":715,"passed_time":4.655278023,"remaining_time":1.846506925},
{"learn":[0.01942858128],"iteration":716,"passed_time":4.660977485,"remaining_time":1.839688464},
{"learn":[0.01941226651],"iteration":717,"passed_time":4.666215856,"remaining_time":1.832692021},
{"learn":[0.01938921872],"iteration":718,"passed_time":4.67106845,"remaining_time":1.8255497},
{"learn":[0.01936727438],"iteration":719,"passed_time":4.676716762,"remaining_time":1.818723185},
{"learn":[0.0193039549],"iteration":720,"passed_time":4.682686075,"remaining_time":1.812024154},
{"learn":[0.01927559767],"iteration":721,"passed_time":4.687766968,"remaining_time":1.804985065},
{"learn":[0.01924986631],"iteration":722,"passed_time":4.693295098,"remaining_time":1.798122741},
{"learn":[0.01921533461],"iteration":723,"passed_time":4.699357994,"remaining_time":1.791467965},
{"learn":[0.01919019359],"iteration":724,"passed_time":4.705614104,"remaining_time":1.784888108},
{"learn":[0.01917102415],"iteration":725,"passed_time":4.710722391,"remaining_time":1.777875944},
{"learn":[0.01910133905],"iteration":726,"passed_time":4.716573121,"remaining_time":1.771147816},
{"learn":[0.01908540091],"iteration":727,"passed_time":4.722069402,"remaining_time":1.764289667},
{"learn":[0.01907136729],"iteration":728,"passed_time":4.726957211,"remaining_time":1.757209059},
{"learn":[0.01904269529],"iteration":729,"passed_time":4.733813751,"remaining_time":1.75086262},
{"learn":[0.01902018056],"iteration":730,"passed_time":4.739967597,"remaining_time":1.744256202},
{"learn":[0.01896400707],"iteration":731,"passed_time":4.745545983,"remaining_time":1.737440333},
{"learn":[0.01889715304],"iteration":732,"passed_time":4.752606382,"remaining_time":1.731167673},
{"learn":[0.01887456642],"iteration":733,"passed_time":4.759376751,"remaining_time":1.72478776},
{"learn":[0.01884441808],"iteration":734,"passed_time":4.765804688,"remaining_time":1.718283323},
{"learn":[0.01880504309],"iteration":735,"passed_time":4.770982193,"remaining_time":1.711330569},
{"learn":[0.01877153188],"iteration":736,"passed_time":4.776012926,"remaining_time":1.704330257},
{"learn":[0.01873833037],"iteration":737,"passed_time":4.782247633,"remaining_time":1.69776271},
{"learn":[0.01871493378],"iteration":738,"passed_time":4.788345578,"remaining_time":1.691147761},
{"learn":[0.01866173405],"iteration":739,"passed_time":4.79500203,"remaining_time":1.684730443},
{"learn":[0.01863939905],"iteration":740,"passed_time":4.801517443,"remaining_time":1.678263182},
{"learn":[0.01862997825],"iteration":741,"passed_time":4.806897754,"remaining_time":1.671401106},
{"learn":[0.01859499844],"iteration":742,"passed_time":4.814950472,"remaining_time":1.665467391},
{"learn":[0.01854242548],"iteration":743,"passed_time":4.820233648,"remaining_time":1.658575019},
{"learn":[0.01852093317],"iteration":744,"passed_time":4.825125639,"remaining_time":1.651553071},
{"learn":[0.01847641188],"iteration":745,"passed_time":4.831792019,"remaining_time":1.645140982},
{"learn":[0.01842919419],"iteration":746,"passed_time":4.837483573,"remaining_time":1.638398051},
{"learn":[0.01841016934],"iteration":747,"passed_time":4.844050103,"remaining_time":1.631952709},
{"learn":[0.01838768118],"iteration":748,"passed_time":4.850406154,"remaining_time":1.625436508},
{"learn":[0.01836004631],"iteration":749,"passed_time":4.855645774,"remaining_time":1.618548591},
{"learn":[0.01833440872],"iteration":750,"passed_time":4.862982405,"remaining_time":1.612360345},
{"learn":[0.0183164701],"iteration":751,"passed_time":4.868508546,"remaining_time":1.605571967},
{"learn":[0.01829870321],"iteration":752,"passed_time":4.873420165,"remaining_time":1.598585366},
{"learn":[0.01826010884],"iteration":753,"passed_time":4.880586431,"remaining_time":1.59233987},
{"learn":[0.01821296668],"iteration":754,"passed_time":4.885896291,"remaining_time":1.585489525},
{"learn":[0.01817651529],"iteration":755,"passed_time":4.890578436,"remaining_time":1.578440659},
{"learn":[0.01815833468],"iteration":756,"passed_time":4.897660144,"remaining_time":1.572168316},
{"learn":[0.01814715986],"iteration":757,"passed_time":4.903402394,"remaining_time":1.5654662},
{"learn":[0.01809915565],"iteration":758,"passed_time":4.908812944,"remaining_time":1.55866129},
{"learn":[0.01809176919],"iteration":759,"passed_time":4.914559373,"remaining_time":1.551966118},
{"learn":[0.01806748684],"iteration":760,"passed_time":4.920385005,"remaining_time":1.545298313},
{"learn":[0.01803490128],"iteration":761,"passed_time":4.925891405,"remaining_time":1.538533011},
{"learn":[0.01800359056],"iteration":762,"passed_time":4.931977457,"remaining_time":1.531951058},
{"learn":[0.01798793648],"iteration":763,"passed_time":4.937365138,"remaining_time":1.525154676},
{"learn":[0.01796723957],"iteration":764,"passed_time":4.942332474,"remaining_time":1.518232851},
{"learn":[0.01792629587],"iteration":765,"passed_time":4.947950069,"remaining_time":1.511514773},
{"learn":[0.0178998139],"iteration":766,"passed_time":4.954136534,"remaining_time":1.504972376},
{"learn":[0.01787327964],"iteration":767,"passed_time":4.959479247,"remaining_time":1.498176022},
{"learn":[0.01785261137],"iteration":768,"passed_time":4.965264151,"remaining_time":1.49151628},
{"learn":[0.0178295107],"iteration":769,"passed_time":4.971478738,"remaining_time":1.484987156},
{"learn":[0.01781467061],"iteration":770,"passed_time":4.977595747,"remaining_time":1.478429865},
{"learn":[0.0177926748],"iteration":771,"passed_time":4.983490767,"remaining_time":1.471808154},
{"learn":[0.01775102157],"iteration":772,"passed_time":4.989673782,"remaining_time":1.465272896},
{"learn":[0.01771948735],"iteration":773,"passed_time":5.015713824,"remaining_time":1.464536595},
{"learn":[0.01770045132],"iteration":774,"passed_time":5.023662374,"remaining_time":1.458482625},
{"learn":[0.01762721049],"iteration":775,"passed_time":5.031998209,"remaining_time":1.452535565},
{"learn":[0.01759711502],"iteration":776,"passed_time":5.039618777,"remaining_time":1.446377075},
{"learn":[0.0175778582],"iteration":777,"passed_time":5.049989833,"remaining_time":1.44099967},
{"learn":[0.01753885937],"iteration":778,"passed_time":5.058111752,"remaining_time":1.43497137},
{"learn":[0.01749823369],"iteration":779,"passed_time":5.063636378,"remaining_time":1.428205132},
{"learn":[0.01746322797],"iteration":780,"passed_time":5.068749188,"remaining_time":1.421326597},
{"learn":[0.01742383867],"iteration":781,"passed_time":5.074784665,"remaining_time":1.414709791},
{"learn":[0.01739031291],"iteration":782,"passed_time":5.080372117,"remaining_time":1.407970306},
{"learn":[0.01733560183],"iteration":783,"passed_time":5.08542165,"remaining_time":1.401085557},
{"learn":[0.01730408689],"iteration":784,"passed_time":5.09132315,"remaining_time":1.394438825},
{"learn":[0.01727964834],"iteration":785,"passed_time":5.096634374,"remaining_time":1.387633277},
{"learn":[0.01726250304],"iteration":786,"passed_time":5.102446797,"remaining_time":1.380967176},
{"learn":[0.0172381056],"iteration":787,"passed_time":5.108515221,"remaining_time":1.374372115},
{"learn":[0.0171893821],"iteration":788,"passed_time":5.114176565,"remaining_time":1.367669525},
{"learn":[0.01714498629],"iteration":789,"passed_time":5.119605093,"remaining_time":1.360907683},
{"learn":[0.01713211783],"iteration":790,"passed_time":5.124577243,"remaining_time":1.354028627},
{"learn":[0.0170763806],"iteration":791,"passed_time":5.129225143,"remaining_time":1.34706923},
{"learn":[0.0170409192],"iteration":792,"passed_time":5.134336577,"remaining_time":1.34023666},
{"learn":[0.01700093338],"iteration":793,"passed_time":5.139228665,"remaining_time":1.333351518},
{"learn":[0.01696731796],"iteration":794,"passed_time":5.144093421,"remaining_time":1.326464341},
{"learn":[0.01694610051],"iteration":795,"passed_time":5.149505473,"remaining_time":1.319722508},
{"learn":[0.01693305918],"iteration":796,"passed_time":5.154931756,"remaining_time":1.312987637},
{"learn":[0.01691090635],"iteration":797,"passed_time":5.159748401,"remaining_time":1.306101726},
{"learn":[0.01689601061],"iteration":798,"passed_time":5.165392753,"remaining_time":1.299429216},
{"learn":[0.0168411954],"iteration":799,"passed_time":5.171233321,"remaining_time":1.29280833},
{"learn":[0.01683432443],"iteration":800,"passed_time":5.17767382,"remaining_time":1.28633844},
{"learn":[0.01681757157],"iteration":801,"passed_time":5.184128754,"remaining_time":1.279872186},
{"learn":[0.0167756707],"iteration":802,"passed_time":5.189906695,"remaining_time":1.273239874},
{"learn":[0.01675058981],"iteration":803,"passed_time":5.195891314,"remaining_time":1.266660072},
{"learn":[0.01672976409],"iteration":804,"passed_time":5.202051802,"remaining_time":1.26012435},
{"learn":[0.01667980918],"iteration":805,"passed_time":5.20852501,"remaining_time":1.253664829},
{"learn":[0.01665692934],"iteration":806,"passed_time":5.214528202,"remaining_time":1.247092866},
{"learn":[0.01662568561],"iteration":807,"passed_time":5.222317427,"remaining_time":1.240946715},
{"learn":[0.01659556244],"iteration":808,"passed_time":5.229375242,"remaining_time":1.234623821},
{"learn":[0.01655336293],"iteration":809,"passed_time":5.235515475,"remaining_time":1.228083877},
{"learn":[0.016534296],"iteration":810,"passed_time":5.242099457,"remaining_time":1.221648332},
{"learn":[0.01652729189],"iteration":811,"passed_time":5.246889933,"remaining_time":1.214797177},
{"learn":[0.01651585177],"iteration":812,"passed_time":5.25257634,"remaining_time":1.208157166},
{"learn":[0.01649635979],"iteration":813,"passed_time":5.258356369,"remaining_time":1.20154089},
{"learn":[0.01648433005],"iteration":814,"passed_time":5.263209487,"remaining_time":1.194716264},
{"learn":[0.01646803349],"iteration":815,"passed_time":5.269446877,"remaining_time":1.188208609},
{"learn":[0.01644555638],"iteration":816,"passed_time":5.274885137,"remaining_time":1.181522619},
{"learn":[0.01641511641],"iteration":817,"passed_time":5.28012936,"remaining_time":1.174796508},
{"learn":[0.01637195711],"iteration":818,"passed_time":5.286934261,"remaining_time":1.168418927},
{"learn":[0.01635771831],"iteration":819,"passed_time":5.293132347,"remaining_time":1.161907101},
{"learn":[0.01633475062],"iteration":820,"passed_time":5.299001134,"remaining_time":1.155324242},
{"learn":[0.01632477539],"iteration":821,"passed_time":5.306228358,"remaining_time":1.149037284},
{"learn":[0.0163030272],"iteration":822,"passed_time":5.312064258,"remaining_time":1.142448814},
{"learn":[0.01628486383],"iteration":823,"passed_time":5.318248514,"remaining_time":1.135936576},
{"learn":[0.01626614479],"iteration":824,"passed_time":5.324049424,"remaining_time":1.129343817},
{"learn":[0.01624852061],"iteration":825,"passed_time":5.32924471,"remaining_time":1.122625399},
{"learn":[0.01623198804],"iteration":826,"passed_time":5.335309179,"remaining_time":1.116092488},
{"learn":[0.01621450861],"iteration":827,"passed_time":5.341454676,"remaining_time":1.109577541},
{"learn":[0.01620371167],"iteration":828,"passed_time":5.346542954,"remaining_time":1.10284541},
{"learn":[0.01619154951],"iteration":829,"passed_time":5.35373453,"remaining_time":1.096548036},
{"learn":[0.01617552519],"iteration":830,"passed_time":5.360058886,"remaining_time":1.090072144},
{"learn":[0.01614455209],"iteration":831,"passed_time":5.367123105,"remaining_time":1.083746012},
{"learn":[0.01612228264],"iteration":832,"passed_time":5.373862676,"remaining_time":1.077353021},
{"learn":[0.01611531323],"iteration":833,"passed_time":5.379734458,"remaining_time":1.070786475},
{"learn":[0.01609532841],"iteration":834,"passed_time":5.386941102,"remaining_time":1.064485368},
{"learn":[0.01608328982],"iteration":835,"passed_time":5.392518872,"remaining_time":1.057862554},
{"learn":[0.01606514066],"iteration":836,"passed_time":5.399539692,"remaining_time":1.051523261},
{"learn":[0.01605239306],"iteration":837,"passed_time":5.406062184,"remaining_time":1.045086007},
{"learn":[0.01603343274],"iteration":838,"passed_time":5.411915208,"remaining_time":1.038520082},
{"learn":[0.01601349329],"iteration":839,"passed_time":5.419094602,"remaining_time":1.032208496},
{"learn":[0.01599436388],"iteration":840,"passed_time":5.425299369,"remaining_time":1.025710582},
{"learn":[0.01597820207],"iteration":841,"passed_time":5.432082348,"remaining_time":1.019321866},
{"learn":[0.01595975318],"iteration":842,"passed_time":5.437523858,"remaining_time":1.012682379},
{"learn":[0.015948078],"iteration":843,"passed_time":5.443915157,"remaining_time":1.006221285},
{"learn":[0.01593777702],"iteration":844,"passed_time":5.451352119,"remaining_time":0.9999521639},
{"learn":[0.01591358523],"iteration":845,"passed_time":5.456667905,"remaining_time":0.9932941577},
{"learn":[0.01589233756],"iteration":846,"passed_time":5.461656076,"remaining_time":0.9865801412},
{"learn":[0.01587992819],"iteration":847,"passed_time":5.468231095,"remaining_time":0.9801546302},
{"learn":[0.01587421998],"iteration":848,"passed_time":5.47355487,"remaining_time":0.9735062254},
{"learn":[0.01586100697],"iteration":849,"passed_time":5.481207167,"remaining_time":0.967271853},
{"learn":[0.01582983337],"iteration":850,"passed_time":5.487049075,"remaining_time":0.9607171705},
{"learn":[0.01579736922],"iteration":851,"passed_time":5.489658532,"remaining_time":0.9536026559},
{"learn":[0.01576535488],"iteration":852,"passed_time":5.496322841,"remaining_time":0.9471974884},
{"learn":[0.01573433212],"iteration":853,"passed_time":5.5027,"remaining_time":0.9407426229},
{"learn":[0.01571923152],"iteration":854,"passed_time":5.508485075,"remaining_time":0.9341875274},
{"learn":[0.01570373531],"iteration":855,"passed_time":5.516026887,"remaining_time":0.9279297568},
{"learn":[0.01568596614],"iteration":856,"passed_time":5.521162433,"remaining_time":0.9212674772},
{"learn":[0.01566190278],"iteration":857,"passed_time":5.527027603,"remaining_time":0.9147295101},
{"learn":[0.01564660527],"iteration":858,"passed_time":5.535303656,"remaining_time":0.9085888422},
{"learn":[0.01561718947],"iteration":859,"passed_time":5.540996948,"remaining_time":0.9020227589},
{"learn":[0.0156002522],"iteration":860,"passed_time":5.547868816,"remaining_time":0.8956489726},
{"learn":[0.01558093953],"iteration":861,"passed_time":5.553149642,"remaining_time":0.8890193162},
{"learn":[0.01556677746],"iteration":862,"passed_time":5.558344471,"remaining_time":0.8823791339},
{"learn":[0.0155327061],"iteration":863,"passed_time":5.565551353,"remaining_time":0.8760590093},
{"learn":[0.01551623242],"iteration":864,"passed_time":5.571661726,"remaining_time":0.8695657029},
{"learn":[0.01549256833],"iteration":865,"passed_time":5.578618221,"remaining_time":0.8632042051},
{"learn":[0.01547662352],"iteration":866,"passed_time":5.584707574,"remaining_time":0.856708313},
{"learn":[0.01543240812],"iteration":867,"passed_time":5.591224162,"remaining_time":0.8502783287},
{"learn":[0.01540582804],"iteration":868,"passed_time":5.598073212,"remaining_time":0.8438982632},
{"learn":[0.01537025254],"iteration":869,"passed_time":5.603100425,"remaining_time":0.8372448912},
{"learn":[0.01533287109],"iteration":870,"passed_time":5.608321197,"remaining_time":0.8306239202},
{"learn":[0.01530647392],"iteration":871,"passed_time":5.614625046,"remaining_time":0.8241651444},
{"learn":[0.01528208568],"iteration":872,"passed_time":5.620363555,"remaining_time":0.8176244805},
{"learn":[0.01526396997],"iteration":873,"passed_time":5.627077123,"remaining_time":0.8112262213},
{"learn":[0.01524567979],"iteration":874,"passed_time":5.63401211,"remaining_time":0.8048588728},
{"learn":[0.01522825603],"iteration":875,"passed_time":5.639491587,"remaining_time":0.7982841973},
{"learn":[0.01520677328],"iteration":876,"passed_time":5.646753563,"remaining_time":0.7919620163},
{"learn":[0.01519281788],"iteration":877,"passed_time":5.651693524,"remaining_time":0.7853150455},
{"learn":[0.01515024835],"iteration":878,"passed_time":5.656967761,"remaining_time":0.7787179739},
{"learn":[0.0151444805],"iteration":879,"passed_time":5.663908859,"remaining_time":0.772351208},
{"learn":[0.01512699103],"iteration":880,"passed_time":5.669498787,"remaining_time":0.7658006307},
{"learn":[0.01511217948],"iteration":881,"passed_time":5.675097361,"remaining_time":0.7592533884},
{"learn":[0.01509436589],"iteration":882,"passed_time":5.681676476,"remaining_time":0.7528382194},
{"learn":[0.01507976992],"iteration":883,"passed_time":5.686990333,"remaining_time":0.7462566501},
{"learn":[0.015065861],"iteration":884,"passed_time":5.693149067,"remaining_time":0.7397877318},
{"learn":[0.01504831033],"iteration":885,"passed_time":5.699819308,"remaining_time":0.7333853286},
{"learn":[0.01503412723],"iteration":886,"passed_time":5.705625165,"remaining_time":0.7268722026},
{"learn":[0.01501930098],"iteration":887,"passed_time":5.711921312,"remaining_time":0.7204225078},
{"learn":[0.0149929595],"iteration":888,"passed_time":5.717743082,"remaining_time":0.7139139281},
{"learn":[0.0149700827],"iteration":889,"passed_time":5.723769905,"remaining_time":0.7074322355},
{"learn":[0.01495752162],"iteration":890,"passed_time":5.729798866,"remaining_time":0.7009518253},
{"learn":[0.01494000766],"iteration":891,"passed_time":5.735430138,"remaining_time":0.6944242769},
{"learn":[0.0148973569],"iteration":892,"passed_time":5.742609321,"remaining_time":0.6880842075},
{"learn":[0.0148751504],"iteration":893,"passed_time":5.748824955,"remaining_time":0.6816280148},
{"learn":[0.01486446623],"iteration":894,"passed_time":5.753950862,"remaining_time":0.6750445145},
{"learn":[0.01484628743],"iteration":895,"passed_time":5.760507042,"remaining_time":0.6686302817},
{"learn":[0.01483286687],"iteration":896,"passed_time":5.766227661,"remaining_time":0.6621197871},
{"learn":[0.01482268404],"iteration":897,"passed_time":5.771901986,"remaining_time":0.6556057935},
{"learn":[0.01479344525],"iteration":898,"passed_time":5.777797267,"remaining_time":0.6491184917},
{"learn":[0.01477772361],"iteration":899,"passed_time":5.783116091,"remaining_time":0.6425684545},
{"learn":[0.0147596888],"iteration":900,"passed_time":5.78940249,"remaining_time":0.6361274656},
{"learn":[0.01474519026],"iteration":901,"passed_time":5.795461407,"remaining_time":0.6296621041},
{"learn":[0.01473205855],"iteration":902,"passed_time":5.801836047,"remaining_time":0.6232315577},
{"learn":[0.01470887543],"iteration":903,"passed_time":5.808876997,"remaining_time":0.6168718935},
{"learn":[0.01469077312],"iteration":904,"passed_time":5.814561485,"remaining_time":0.6103683327},
{"learn":[0.01467102467],"iteration":905,"passed_time":5.82077495,"remaining_time":0.6039214628},
{"learn":[0.01464285722],"iteration":906,"passed_time":5.826643913,"remaining_time":0.5974397838},
{"learn":[0.01462490009],"iteration":907,"passed_time":5.832566797,"remaining_time":0.5909649177},
{"learn":[0.01461035581],"iteration":908,"passed_time":5.84007783,"remaining_time":0.5846502558},
{"learn":[0.01460356586],"iteration":909,"passed_time":5.846656942,"remaining_time":0.5782407965},
{"learn":[0.01457199651],"iteration":910,"passed_time":5.852561574,"remaining_time":0.5717650714},
{"learn":[0.01455138956],"iteration":911,"passed_time":5.859008064,"remaining_time":0.5653428834},
{"learn":[0.01452647118],"iteration":912,"passed_time":5.864184282,"remaining_time":0.5587995975},
{"learn":[0.01451131688],"iteration":913,"passed_time":5.870589072,"remaining_time":0.5523749017},
{"learn":[0.01449269715],"iteration":914,"passed_time":5.876600674,"remaining_time":0.5459137238},
{"learn":[0.01448183196],"iteration":915,"passed_time":5.882236444,"remaining_time":0.5394190626},
{"learn":[0.01446961735],"iteration":916,"passed_time":5.889499686,"remaining_time":0.5330735812},
{"learn":[0.01444973313],"iteration":917,"passed_time":5.895208659,"remaining_time":0.5265872659},
{"learn":[0.01441934048],"iteration":918,"passed_time":5.900633353,"remaining_time":0.520077586},
{"learn":[0.0144086068],"iteration":919,"passed_time":5.908280925,"remaining_time":0.5137635587},
{"learn":[0.01438230673],"iteration":920,"passed_time":5.913892581,"remaining_time":0.5072720021},
{"learn":[0.0143629302],"iteration":921,"passed_time":5.920846271,"remaining_time":0.5008958884},
{"learn":[0.01434614535],"iteration":922,"passed_time":5.926509303,"remaining_time":0.4944108519},
{"learn":[0.01432409829],"iteration":923,"passed_time":5.931998642,"remaining_time":0.4879133082},
{"learn":[0.01430850695],"iteration":924,"passed_time":5.939110678,"remaining_time":0.4815495144},
{"learn":[0.0142985644],"iteration":925,"passed_time":5.944436575,"remaining_time":0.4750413678},
{"learn":[0.01428630465],"iteration":926,"passed_time":5.950682166,"remaining_time":0.4686081964},
{"learn":[0.01425687031],"iteration":927,"passed_time":5.957432234,"remaining_time":0.4622145699},
{"learn":[0.01421929913],"iteration":928,"passed_time":5.96275979,"remaining_time":0.4557114587},
{"learn":[0.01420397741],"iteration":929,"passed_time":5.970855765,"remaining_time":0.4494192511},
{"learn":[0.01416541121],"iteration":930,"passed_time":5.976565338,"remaining_time":0.4429463033},
{"learn":[0.01414233432],"iteration":931,"passed_time":5.982011631,"remaining_time":0.4364557842},
{"learn":[0.01412899868],"iteration":932,"passed_time":5.989642762,"remaining_time":0.4301243999},
{"learn":[0.01410600839],"iteration":933,"passed_time":5.995911233,"remaining_time":0.4236939415},
{"learn":[0.01408471479],"iteration":934,"passed_time":6.003779507,"remaining_time":0.4173750459},
{"learn":[0.01407472922],"iteration":935,"passed_time":6.010441706,"remaining_time":0.4109703731},
{"learn":[0.0140547596],"iteration":936,"passed_time":6.020802483,"remaining_time":0.4048138276},
{"learn":[0.01403688939],"iteration":937,"passed_time":6.03052488,"remaining_time":0.3986061221},
{"learn":[0.01402104695],"iteration":938,"passed_time":6.036889892,"remaining_time":0.3921728258},
{"learn":[0.01399364856],"iteration":939,"passed_time":6.044205923,"remaining_time":0.3858003781},
{"learn":[0.01398130034],"iteration":940,"passed_time":6.05179964,"remaining_time":0.3794433355},
{"learn":[0.01397055219],"iteration":941,"passed_time":6.056831902,"remaining_time":0.3729259557},
{"learn":[0.01395864146],"iteration":942,"passed_time":6.062574408,"remaining_time":0.3664546567},
{"learn":[0.01392608477],"iteration":943,"passed_time":6.069692068,"remaining_time":0.3600664786},
{"learn":[0.01391589958],"iteration":944,"passed_time":6.074620134,"remaining_time":0.35354932},
{"learn":[0.01389719685],"iteration":945,"passed_time":6.081070814,"remaining_time":0.3471224355},
{"learn":[0.01388498273],"iteration":946,"passed_time":6.087636379,"remaining_time":0.3407019304},
{"learn":[0.01386749701],"iteration":947,"passed_time":6.092846244,"remaining_time":0.334206756},
{"learn":[0.01386195145],"iteration":948,"passed_time":6.099963931,"remaining_time":0.3278168182},
{"learn":[0.01384868139],"iteration":949,"passed_time":6.106616783,"remaining_time":0.3214008833},
{"learn":[0.01383262511],"iteration":950,"passed_time":6.112516441,"remaining_time":0.314945642},
{"learn":[0.01382265701],"iteration":951,"passed_time":6.118537744,"remaining_time":0.3084977014},
{"learn":[0.01381468946],"iteration":952,"passed_time":6.124657372,"remaining_time":0.3020555052},
{"learn":[0.01380225477],"iteration":953,"passed_time":6.131295204,"remaining_time":0.2956389721},
{"learn":[0.01378972896],"iteration":954,"passed_time":6.137171994,"remaining_time":0.2891861149},
{"learn":[0.01378240973],"iteration":955,"passed_time":6.142703133,"remaining_time":0.2827185542},
{"learn":[0.01376131241],"iteration":956,"passed_time":6.150467296,"remaining_time":0.276353285},
{"learn":[0.01375222667],"iteration":957,"passed_time":6.15575178,"remaining_time":0.2698763828},
{"learn":[0.01373683681],"iteration":958,"passed_time":6.162116192,"remaining_time":0.2634481375},
{"learn":[0.01372228692],"iteration":959,"passed_time":6.169489734,"remaining_time":0.2570620723},
{"learn":[0.01370753365],"iteration":960,"passed_time":6.176389183,"remaining_time":0.2506547119},
{"learn":[0.01368915024],"iteration":961,"passed_time":6.182717471,"remaining_time":0.2442237671},
{"learn":[0.01367489794],"iteration":962,"passed_time":6.188579209,"remaining_time":0.2377751098},
{"learn":[0.01365516688],"iteration":963,"passed_time":6.195169586,"remaining_time":0.2313548808},
{"learn":[0.01363898105],"iteration":964,"passed_time":6.202457755,"remaining_time":0.2249596077},
{"learn":[0.01362452984],"iteration":965,"passed_time":6.208920032,"remaining_time":0.2185334173},
{"learn":[0.01361973631],"iteration":966,"passed_time":6.215883941,"remaining_time":0.212124271},
{"learn":[0.01359190139],"iteration":967,"passed_time":6.223383647,"remaining_time":0.2057316908},
{"learn":[0.01357965508],"iteration":968,"passed_time":6.23199266,"remaining_time":0.1993723142},
{"learn":[0.01356757701],"iteration":969,"passed_time":6.238129735,"remaining_time":0.1929318475},
{"learn":[0.01354051999],"iteration":970,"passed_time":6.246438344,"remaining_time":0.186556861},
{"learn":[0.01352319448],"iteration":971,"passed_time":6.252990521,"remaining_time":0.180127299},
{"learn":[0.01351701795],"iteration":972,"passed_time":6.26017434,"remaining_time":0.1737150125},
{"learn":[0.01350874565],"iteration":973,"passed_time":6.266779821,"remaining_time":0.1672857036},
{"learn":[0.01349350847],"iteration":974,"passed_time":6.272683474,"remaining_time":0.1608380378},
{"learn":[0.01346097247],"iteration":975,"passed_time":6.280263972,"remaining_time":0.1544327206},
{"learn":[0.01344759753],"iteration":976,"passed_time":6.286151468,"remaining_time":0.147985142},
{"learn":[0.01344216081],"iteration":977,"passed_time":6.293172373,"remaining_time":0.1415642047},
{"learn":[0.01342019823],"iteration":978,"passed_time":6.299393036,"remaining_time":0.1351248762},
{"learn":[0.01340053699],"iteration":979,"passed_time":6.305543651,"remaining_time":0.1286845643},
{"learn":[0.01337546911],"iteration":980,"passed_time":6.313203974,"remaining_time":0.1222740831},
{"learn":[0.01336215674],"iteration":981,"passed_time":6.31962169,"remaining_time":0.1158382794},
{"learn":[0.01333400114],"iteration":982,"passed_time":6.327682476,"remaining_time":0.1094309279},
{"learn":[0.0133245124],"iteration":983,"passed_time":6.333514267,"remaining_time":0.1029839718},
{"learn":[0.01331142705],"iteration":984,"passed_time":6.339319446,"remaining_time":0.09653785958},
{"learn":[0.01329760433],"iteration":985,"passed_time":6.345906604,"remaining_time":0.09010415056},
{"learn":[0.0132689213],"iteration":986,"passed_time":6.351605344,"remaining_time":0.08365842905},
{"learn":[0.01325724283],"iteration":987,"passed_time":6.358988349,"remaining_time":0.07723467631},
{"learn":[0.01321928189],"iteration":988,"passed_time":6.36522968,"remaining_time":0.07079628562},
{"learn":[0.01318832539],"iteration":989,"passed_time":6.385491163,"remaining_time":0.06449991074},
{"learn":[0.01317827671],"iteration":990,"passed_time":6.39454594,"remaining_time":0.05807357564},
{"learn":[0.01316400856],"iteration":991,"passed_time":6.403247606,"remaining_time":0.0516390936},
{"learn":[0.01315316365],"iteration":992,"passed_time":6.410345846,"remaining_time":0.04518874212},
{"learn":[0.01314313012],"iteration":993,"passed_time":6.417580959,"remaining_time":0.03873791323},
{"learn":[0.01312891286],"iteration":994,"passed_time":6.423621144,"remaining_time":0.03227950324},
{"learn":[0.01311560421],"iteration":995,"passed_time":6.43018248,"remaining_time":0.02582402602},
{"learn":[0.01310405766],"iteration":996,"passed_time":6.436257162,"remaining_time":0.0193668721},
{"learn":[0.01308330983],"iteration":997,"passed_time":6.444159718,"remaining_time":0.01291414773},
{"learn":[0.01307307709],"iteration":998,"passed_time":6.450634778,"remaining_time":0.00645709187},
{"learn":[0.013062575],"iteration":999,"passed_time":6.455473841,"remaining_time":0}
]}