Id,Category
1,INFJ
2,INTJ
3,ENTJ
4,ISFP
5,ENTP
6,ISTP
7,INFP
8,INTJ
9,ENTJ
10,ENFP
11,INFJ
12,INTP
13,ISFJ
14,ISTP
15,ESFP
16,ENTP
17,INFP
18,ENTJ
19,ISFJ
20,INFJ
21,INFP
22,INTJ
23,INFP
24,INFJ
25,ISFJ
26,INFJ
27,INTP
28,INFP
29,INTJ
30,ENTP
31,INTJ
32,INTP
33,INFJ
34,ISTP
35,INFP
36,ISFJ
37,INTP
38,INFP
39,ENFP
40,ENTJ
41,INTJ
42,INFJ
43,INFJ
44,INFP
45,ENFP
46,INTP
47,ISTJ
48,INTJ
49,INFJ
50,INFP
51,ESFJ
52,INFJ
53,INFJ
54,INTP
55,INFP
56,ENTP
57,ISTJ
58,INTP
59,INFP
60,INFP
61,INFP
62,INTP
63,INFP
64,INFP
65,INFP
66,INTP
67,ENTJ
68,ISTP
69,INFJ
70,INFJ
71,INTP
72,ENTP
73,INTJ
74,INFJ
75,INTJ
76,INTP
77,INTP
78,INTP
79,INFJ
80,INFJ
81,ISFP
82,ENFP
83,ENFP
84,INTJ
85,INTJ
86,INFJ
87,INTJ
88,ISTJ
89,INFJ
90,ESTJ
91,INFP
92,ENFP
93,INTP
94,INTJ
95,INTJ
96,INTJ
97,ESFP
98,INFJ
99,ISTP
100,ENTP
101,ISFP
102,INTP
103,INTP
104,ENTP
105,INFP
106,INFJ
107,INTJ
108,INFJ
109,INFJ
110,INTP
111,INTP
112,ISTJ
113,INFJ
114,INFP
115,ENFP
116,INFP
117,INFP
118,INFJ
119,INFJ
120,ESFP
121,ENFP
122,ENFP
123,INTP
124,INTJ
125,INFJ
126,ENFP
127,ENFP
128,ENTP
129,ENFP
130,ISTP
131,INFP
132,INTJ
133,ENFP
134,ESTP
135,INTJ
136,INFP
137,INFP
138,INTP
139,INFJ
140,ENTJ
141,INFJ
142,ENTP
143,INTP
144,INTP
145,INFJ
146,INFJ
147,INTJ
148,INFP
149,INFJ
150,ISFP
151,ENFJ
152,ISTJ
153,INTJ
154,INFJ
155,ENTJ
156,ISTP
157,INTJ
158,INFP
159,INTP
160,ENTP
161,INFJ
162,INFP
163,ENTP
164,INFJ
165,INFJ
166,ESTP
167,INFJ
168,INFP
169,INFP
170,INFP
171,ENFJ
172,INFJ
173,INTP
174,INFJ
175,INFP
176,INFJ
177,INTP
178,INFP
179,INFP
180,ISFJ
181,ENFP
182,INFJ
183,ENTJ
184,INTP
185,INTP
186,INFP
187,ENFP
188,INFJ
189,INFP
190,INTP
191,ISTP
192,ESTP
193,INTP
194,INTJ
195,INFJ
196,INFJ
197,INTP
198,INFJ
199,INFJ
200,INFP
201,INFJ
202,INFP
203,INTP
204,INTP
205,ENTJ
206,ISTP
207,INTP
208,INFJ
209,INFJ
210,INTP
211,ENTP
212,INTP
213,INTJ
214,INFJ
215,INFJ
216,INFP
217,ENTP
218,INFP
219,INFP
220,INTP
221,INFP
222,INFJ
223,INTJ
224,INFP
225,INFP
226,ENFP
227,INFP
228,ENFJ
229,ISTP
230,ENFP
231,ENTP
232,INFJ
233,INFJ
234,ESTJ
235,ENTJ
236,ENFJ
237,INFJ
238,INFP
239,ENFP
240,INTJ
241,INTP
242,INTJ
243,ENFP
244,INTP
245,ESTP
246,INTJ
247,ENTP
248,INTJ
249,ENTP
250,INFJ
251,INFP
252,ENTP
253,INFJ
254,INFJ
255,ENTP
256,ENTP
257,INTP
258,ENFP
259,INFJ
260,INFP
261,INTJ
262,ISFP
263,ESTP
264,INFJ
265,INFP
266,INFJ
267,INFP
268,INFP
269,INTP
270,INTJ
271,INFP
272,INFP
273,ENFP
274,INTJ
275,ESFJ
276,INFJ
277,INTJ
278,INTJ
279,INFP
280,ENTP
281,ENFP
282,INFJ
283,ENTP
284,INTJ
285,INFP
286,INFP
287,INFJ
288,INTJ
289,ISFJ
290,ISTJ
291,ESFJ
292,INTP
293,ISFP
294,INTJ
295,INFJ
296,INFJ
297,INTJ
298,INTP
299,INFP
300,INFP
301,INFJ
302,INTJ
303,ISTP
304,ENFP
305,INTJ
306,INFJ
307,INFJ
308,INFJ
309,ESTP
310,INFJ
311,ENFP
312,INFJ
313,INFP
314,INFJ
315,INFJ
316,INTP
317,INTP
318,ENTP
319,INTP
320,INFJ
321,INTJ
322,ENTJ
323,ISTJ
324,INFP
325,INTJ
326,INFP
327,INFJ
328,ISFP
329,ENFJ
330,INTJ
331,INFJ
332,INFJ
333,ENTP
334,ISTJ
335,INTP
336,ENFP
337,ISTP
338,ENFP
339,INTJ
340,INFJ
341,INFP
342,INTJ
343,INFP
344,INFP
345,INFJ
346,INTP
347,ENTJ
348,INFJ
349,INFJ
350,INTJ
351,INFJ
352,INFP
353,INFP
354,INTP
355,INFP
356,INTP
357,INTP
358,INTJ
359,INTP
360,INFJ
361,ENTJ
362,INFP
363,INTP
364,INTP
365,INFP
366,INFP
367,INTP
368,INTP
369,ENFP
370,ISFP
371,INFP
372,ENTP
373,INTP
374,ISFJ
375,INFP
376,INFP
377,INFP
378,INFP
379,INFP
380,ENTJ
381,ENFP
382,INFJ
383,INFP
384,INFJ
385,INFJ
386,ISTJ
387,INFJ
388,INFP
389,ISFJ
390,INFP
391,INFJ
392,INFP
393,INTJ
394,INFP
395,INFP
396,INFP
397,ENTP
398,INFJ
399,INFP
400,ENFP
401,INTP
402,INFJ
403,INFP
404,INTP
405,INTJ
406,ENTP
407,INFP
408,INTP
409,INTJ
410,INFJ
411,ENTP
412,ENFP
413,INFJ
414,INFP
415,INTP
416,INFJ
417,INFP
418,INFP
419,INFJ
420,ISFP
421,ESTJ
422,INFJ
423,INTP
424,INFP
425,ENFP
426,ISFJ
427,INFP
428,INTJ
429,INTJ
430,ENTP
431,INTP
432,INFP
433,ENFP
434,INFP
435,ENTJ
436,INFJ
437,ENTJ
438,INFP
439,INTJ
440,INTP
441,INFJ
442,INFP
443,INFJ
444,INTP
445,INFJ
446,ISTP
447,INFP
448,INTP
449,INTP
450,INFJ
451,INFJ
452,ENFP
453,ISTJ
454,ENTP
455,INFJ
456,ENTJ
457,INFJ
458,INTJ
459,INTP
460,INTP
461,INFP
462,INFP
463,ENTJ
464,INFJ
465,INFJ
466,INTP
467,INFP
468,ENFP
469,INFJ
470,INFP
471,INFJ
472,ENFJ
473,ENTJ
474,INTP
475,ENTP
476,INFP
477,INTJ
478,INFP
479,ISTJ
480,INFJ
481,INFJ
482,INTJ
483,ENFP
484,INTP
485,ENFP
486,INFP
487,INTJ
488,INFP
489,INFP
490,ENFP
491,ISTJ
492,INTJ
493,INFJ
494,INFJ
495,INFJ
496,INFJ
497,ENFP
498,ENTP
499,INFP
500,INTP
501,INTP
502,ENTP
503,INFP
504,ENTP
505,INFP
506,ENTP
507,INTP
508,INTJ
509,INFP
510,ENFJ
511,INFJ
512,INTP
513,ENFP
514,INFJ
515,INTP
516,INTJ
517,ENTP
518,INFP
519,INTP
520,INFJ
521,INTP
522,ENTP
523,INTP
524,INFJ
525,ISFJ
526,INFP
527,ENFP
528,ENTP
529,INTP
530,INFJ
531,INTJ
532,INTJ
533,ISFJ
534,INTJ
535,INTJ
536,INFP
537,ENTP
538,ISFP
539,INTP
540,INFP
541,INTP
542,ENFJ
543,ENFP
544,INTJ
545,INTJ
546,INTP
547,ISTJ
548,INFP
549,ISFP
550,ENFP
551,ESFJ
552,INTJ
553,INFJ
554,INFJ
555,INFJ
556,ESFJ
557,INTP
558,ISTP
559,ENFJ
560,ENFP
561,ESTP
562,INFJ
563,INFP
564,ENFP
565,INFP
566,INFJ
567,ESFP
568,ISTJ
569,ENFJ
570,INTJ
571,INFJ
572,ESFP
573,ENTP
574,INTJ
575,INFJ
576,ISTP
577,INTJ
578,INTP
579,ENFP
580,INTP
581,ENTP
582,INFJ
583,INFJ
584,INFP
585,INFP
586,ESFJ
587,INTJ
588,INFJ
589,ENFP
590,ENTP
591,INFJ
592,INTP
593,ISFP
594,INFP
595,INFJ
596,INTP
597,INTP
598,INFJ
599,INTP
600,INFJ
601,INFP
602,INFP
603,ENFP
604,INFP
605,ENTP
606,INFJ
607,INFP
608,INTJ
609,ISFJ
610,ENTJ
611,INTJ
612,INTP
613,INTJ
614,INTP
615,INTP
616,INFP
617,ISTJ
618,INFP
619,INTP
620,INTP
621,ENTJ
622,ENTP
623,ENFP
624,INTJ
625,ENTP
626,INFP
627,INFP
628,INFJ
629,INTJ
630,INFJ
631,INTP
632,ENTP
633,ESTP
634,INFP
635,INTJ
636,ISFJ
637,ENFP
638,INFP
639,INTP
640,ENTP
641,INFJ
642,INTJ
643,INTJ
644,INTP
645,ENTP
646,ENFP
647,ISFP
648,INTJ
649,ENFP
650,INTJ
651,INFP
652,INFP
653,ISTP
654,ENFP
655,INFJ
656,INTP
657,INFP
658,INTJ
659,ENTP
660,INFP
661,INTP
662,ISFJ
663,ESFJ
664,INFP
665,ENFP
666,INFP
667,INFJ
668,INFJ
669,ENTP
670,ENTP
671,ENFP
672,ESFJ
673,INTJ
674,ENTP
675,INTP
676,ENTJ
677,ENTP
678,INFJ
679,INFJ
680,ENFP
681,ENFP
682,ENFJ
683,INFP
684,INTJ
685,INTP
686,INTJ
687,INFP
688,INFP
689,INFP
690,INFP
691,ISFP
692,INFP
693,INFJ
694,ENTP
695,INTJ
696,ENFP
697,ENTP
698,INFP
699,ENTJ
700,INFP
701,INFJ
702,ENFP
703,INFP
704,INFJ
705,INFJ
706,INFJ
707,ESFP
708,INTP
709,INTJ
710,ENFP
711,INFP
712,INTJ
713,INTJ
714,INFP
715,INFP
716,ENTP
717,INFJ
718,INTP
719,INTP
720,INFP
721,INFJ
722,ENTP
723,ENTP
724,INFP
725,INFP
726,ISTJ
727,ISFP
728,INFJ
729,INTP
730,INTP
731,INFJ
732,ENFP
733,INTJ
734,ISFJ
735,ISTJ
736,INTJ
737,INFJ
738,ESTP
739,INTP
740,INTJ
741,INTJ
742,INTP
743,INFP
744,ISFP
745,ISFP
746,INFJ
747,ENFP
748,INTJ
749,INFP
750,ENTP
751,INFJ
752,INFP
753,INFP
754,INFP
755,ISTP
756,ENTP
757,ENTP
758,INTP
759,INTP
760,INTJ
761,INFP
762,INTJ
763,ENFP
764,INFJ
765,INTP
766,INFP
767,ENTP
768,INFJ
769,INFJ
770,INFJ
771,INTP
772,INFP
773,ESFP
774,INFJ
775,ESTP
776,INFJ
777,INTJ
778,ISTP
779,INFP
780,INFP
781,INFJ
782,INFP
783,INFP
784,INFJ
785,INTP
786,INTP
787,INFJ
788,ENTP
789,ENTP
790,ENTP
791,ISTP
792,INFJ
793,INFJ
794,INFP
795,INFP
796,INFJ
797,INTJ
798,INTP
799,INFJ
800,INFP
801,INTJ
802,ENTP
803,INTJ
804,INFJ
805,INTJ
806,INFJ
807,INFP
808,ENTJ
809,INFP
810,INTP
811,INTP
812,ENTP
813,ENFP
814,INFP
815,INTJ
816,INFP
817,INFJ
818,INFP
819,INTP
820,INFP
821,INFJ
822,ISTP
823,INFP
824,INTJ
825,INFP
826,INTJ
827,INFJ
828,INTJ
829,INTP
830,INFJ
831,ENFP
832,INTJ
833,INTP
834,INFP
835,ISFJ
836,INTP
837,INFP
838,INFP
839,ISTP
840,INFJ
841,ENTP
842,ISFP
843,INFP
844,INTP
845,ESTP
846,INTJ
847,ESFP
848,INTP
849,INFP
850,INTJ
851,INFP
852,INFP
853,INTJ
854,INFJ
855,ENTP
856,ENTJ
857,ENFP
858,ENTJ
859,INTP
860,INTJ
861,ISTJ
862,INTP
863,ENTP
864,ENTP
865,ENTJ
866,INFP
867,INFJ
868,ISTP
869,INTP
870,INTP
871,INTJ
872,INFJ
873,INTJ
874,INFJ
875,INFJ
876,ENTJ
877,INTP
878,INFP
879,INFJ
880,INFP
881,INFJ
882,ISFP
883,INFJ
884,INFP
885,INFP
886,ENFP
887,INTP
888,ISFJ
889,INTP
890,ISTJ
891,ESTJ
892,INFP
893,ENTJ
894,INFP
895,ISFJ
896,INTJ
897,INFJ
898,ISTP
899,INTJ
900,INTP
901,INFJ
902,INFP
903,INFP
904,ENTP
905,INFJ
906,INFP
907,ENFP
908,INFJ
909,INTP
910,INTP
911,ISFJ
912,INFP
913,ENTP
914,ENTP
915,ENFJ
916,ENTJ
917,ENTJ
918,INFP
919,INFJ
920,ENTP
921,ENFJ
922,ISFP
923,INFJ
924,ENTP
925,INFP
926,INTJ
927,ENTJ
928,INTJ
929,INTJ
930,ENTP
931,ESFJ
932,INTP
933,INFP
934,ISTJ
935,INFJ
936,INFP
937,INFP
938,INTJ
939,INFP
940,INFJ
941,INFJ
942,INTP
943,ENFP
944,ENTP
945,ISFJ
946,INFJ
947,INTJ
948,ENTJ
949,ENFP
950,INTJ
951,ENTP
952,INFJ
953,INFJ
954,INTJ
955,ENTP
956,INFP
957,INFP
958,INFP
959,INTJ
960,ESTP
961,INTP
962,INFP
963,INFP
964,INTP
965,ESTP
966,INFP
967,INFP
968,ENTP
969,INFJ
970,INTJ
971,INTJ
972,INTP
973,ENFP
974,INFP
975,ENTP
976,ENTP
977,INFJ
978,INTJ
979,INTJ
980,INFP
981,ENTJ
982,INFJ
983,INFP
984,ISTJ
985,ENTP
986,INFP
987,INFP
988,ENFP
989,ENFJ
990,ISTP
991,INFJ
992,ENFP
993,ENTP
994,ENFP
995,ESFP
996,INTJ
997,INTJ
998,INFJ
999,INFP
1000,ISFJ
1001,ISFP
1002,INFJ
1003,ENFP
1004,INTP
1005,ISTJ
1006,ESFP
1007,INFP
1008,INFJ
1009,ENTP
1010,ISFJ
1011,INFP
1012,INTJ
1013,INTP
1014,ENTP
1015,INTJ
1016,INTJ
1017,INTP
1018,ENFP
1019,ENTP
1020,INFP
1021,INFP
1022,INFP
1023,INFJ
1024,ESTP
1025,INFP
1026,INTP
1027,INFP
1028,INTJ
1029,ENTP
1030,INTP
1031,INFP
1032,INTP
1033,INTP
1034,ISFP
1035,INTP
1036,INFP
1037,ISTJ
1038,ENFP
1039,INTP
1040,ENFJ
1041,INTJ
1042,INFP
1043,INTP
1044,ISTP
1045,INFJ
1046,INFP
1047,ISTP
1048,INTP
1049,ESFJ
1050,ENTP
1051,INFP
1052,INTJ
1053,INFJ
1054,INFP
1055,INFP
1056,ESTP
1057,ISTP
1058,INFP
1059,INFJ
1060,INFP
1061,ISFP
1062,INFP
1063,INFJ
1064,INFJ
1065,ISFP
1066,INFP
1067,INFP
1068,ENFJ
1069,INTP
1070,INTJ
1071,INFP
1072,INFJ
1073,INTJ
1074,INFP
1075,INFJ
1076,INFP
1077,INFP
1078,ENFP
1079,INFP
1080,ENTP
1081,INFP
1082,INTP
1083,INTJ
1084,INFJ
1085,INTP
1086,INFP
1087,ENTJ
1088,ESFP
1089,ENTJ
1090,INFP
1091,INFP
1092,ISTP
1093,ISTP
1094,ISTJ
1095,INFJ
1096,INFP
1097,INTJ
1098,INFJ
1099,INTP
1100,ENFP
1101,INFP
1102,INFP
1103,INFJ
1104,ENTP
1105,INFJ
1106,ISFP
1107,ENTP
1108,ISFP
1109,INFP
1110,ENTP
1111,INFP
1112,INTJ
1113,INFP
1114,INFJ
1115,INTP
1116,ENFP
1117,ENFP
1118,INFP
1119,ISFP
1120,ISFP
1121,ENTJ
1122,INTP
1123,INFJ
1124,INTP
1125,ISTP
1126,ENFP
1127,INTP
1128,INFP
1129,INTJ
1130,ENTP
1131,INTJ
1132,INFP
1133,INFJ
1134,INFP
1135,ENFP
1136,INFP
1137,INTP
1138,INTJ
1139,ENFP
1140,ENFP
1141,ENFP
1142,INTP
1143,ENFP
1144,INFJ
1145,INFJ
1146,INFJ
1147,INFJ
1148,INFJ
1149,INTJ
1150,INTP
1151,INTP
1152,INTJ
1153,INFP
1154,ISTJ
1155,INTJ
1156,INFJ
1157,INTP
1158,ENFP
1159,ENFP
1160,ENTP
1161,ISFJ
1162,ENFP
1163,ISTP
1164,INFJ
1165,INFP
1166,INFP
1167,INTP
1168,INTP
1169,INFJ
1170,ENFP
1171,INTP
1172,INFP
1173,INFP
1174,INTJ
1175,INFP
1176,INTJ
1177,INFJ
1178,INFP
1179,INTJ
1180,INFJ
1181,INTP
1182,ENTP
1183,INFP
1184,INFJ
1185,ENTP
1186,INTP
1187,INFJ
1188,INFJ
1189,ENTP
1190,ESTP
1191,ISTP
1192,INFJ
1193,ISFP
1194,INFJ
1195,ESTP
1196,ENFP
1197,ISFP
1198,ESTJ
1199,INFJ
1200,ISFJ
1201,INFP
1202,INFP
1203,INTJ
1204,ESTP
1205,INTJ
1206,ENFP
1207,INTJ
1208,INFP
1209,INTP
1210,INFP
1211,INFJ
1212,INFP
1213,INTJ
1214,ENTP
1215,INTJ
1216,INTP
1217,INTP
1218,INFP
1219,ENTP
1220,INTP
1221,ENTJ
1222,INFJ
1223,INFJ
1224,ENTP
1225,ISTJ
1226,ENTP
1227,INTJ
1228,INTJ
1229,INFJ
1230,ENTJ
1231,ISTJ
1232,INTP
1233,INTJ
1234,INFJ
1235,ENTP
1236,INFP
1237,ENFP
1238,ISTP
1239,INFP
1240,ENTJ
1241,ENFP
1242,INFP
1243,INFJ
1244,INTP
1245,INTJ
1246,INFP
1247,ISFJ
1248,INTJ
1249,INFJ
1250,ISFJ
1251,INTJ
1252,ISFP
1253,ENTP
1254,ISTP
1255,ISFP
1256,INTP
1257,ISFP
1258,INFP
1259,ENFP
1260,INTJ
1261,ISTJ
1262,ENFP
1263,INFJ
1264,INFP
1265,ENFJ
1266,INTP
1267,INFP
1268,INTP
1269,INTJ
1270,INTP
1271,INTP
1272,ISTJ
1273,ENTP
1274,INFJ
1275,ENTP
1276,ISTP
1277,ISTJ
1278,INTJ
1279,INTP
1280,ENFJ
1281,ENTJ
1282,INFJ
1283,INFP
1284,INFJ
1285,ENTP
1286,INFP
1287,INTP
1288,INTJ
1289,INFJ
1290,ENFP
1291,INTP
1292,ISTJ
1293,INFP
1294,INTJ
1295,INTP
1296,ENFP
1297,ISFP
1298,ISFP
1299,INFP
1300,ISFP
1301,INFJ
1302,INTP
1303,INTJ
1304,INTJ
1305,INFJ
1306,INFP
1307,INTJ
1308,ENFP
1309,ISTP
1310,ENTP
1311,INFJ
1312,ENFP
1313,INFP
1314,ESTJ
1315,INFJ
1316,ENTP
1317,INFJ
1318,INFJ
1319,ENFP
1320,INFP
1321,INFJ
1322,INFJ
1323,INFP
1324,INFJ
1325,INTJ
1326,ISFP
1327,ISTP
1328,ENTP
1329,ENFP
1330,INFJ
1331,INTP
1332,ENFP
1333,INTP
1334,ISTJ
1335,INFP
1336,INFP
1337,INTJ
1338,ENTP
1339,ENFP
1340,ENTP
1341,INTP
1342,ENTP
1343,ISTP
1344,ENTP
1345,INTJ
1346,INTJ
1347,ESTP
1348,ENTP
1349,INFJ
1350,INTP
1351,ESTP
1352,INFP
1353,ENTP
1354,INTJ
1355,INTP
1356,ISTP
1357,INFJ
1358,INFP
1359,ENFP
1360,INTP
1361,INTJ
1362,INFP
1363,ISTP
1364,INFJ
1365,INFJ
1366,ISTJ
1367,ENFP
1368,ENTP
1369,INFJ
1370,INFJ
1371,INFJ
1372,INTJ
1373,ISTP
1374,INFP
1375,INFJ
1376,INTJ
1377,INTP
1378,INFP
1379,ENFP
1380,ISFP
1381,ENTJ
1382,ENTP
1383,INFJ
1384,ISTP
1385,INFJ
1386,ISFP
1387,ESFP
1388,INTP
1389,ENFJ
1390,INFP
1391,INFP
1392,INFP
1393,INTJ
1394,ENTP
1395,INTJ
1396,INFP
1397,INTJ
1398,ENTJ
1399,INFJ
1400,INFP
1401,INTP
1402,ENTP
1403,INFP
1404,INTP
1405,INFP
1406,INFP
1407,INTP
1408,ISFP
1409,INTJ
1410,INFP
1411,INTP
1412,ISFP
1413,INTP
1414,INFJ
1415,ISFP
1416,INFP
1417,INFJ
1418,ENFJ
1419,INFJ
1420,INTP
1421,ENTP
1422,ENFP
1423,INFP
1424,INTP
1425,ESTP
1426,ENTJ
1427,ISTP
1428,INFJ
1429,ISTJ
1430,INFP
1431,INTP
1432,INTP
1433,INTJ
1434,ISFP
1435,INFP
1436,INFJ
1437,INFJ
1438,INFJ
1439,INTJ
1440,ISTJ
1441,INFP
1442,INTJ
1443,INFJ
1444,ENTJ
1445,ISFJ
1446,ENFP
1447,INFP
1448,ENFP
1449,ENFP
1450,INTJ
1451,ENTP
1452,INTJ
1453,INFJ
1454,ISTJ
1455,ENFP
1456,INTJ
1457,INTJ
1458,INFJ
1459,ENFP
1460,ISTJ
1461,INTP
1462,ISTP
1463,ENFJ
1464,INFP
1465,INTP
1466,ENTP
1467,ENTP
1468,INFJ
1469,INTP
1470,INTJ
1471,INTJ
1472,INTP
1473,INTJ
1474,ISFP
1475,INTP
1476,INFP
1477,INFP
1478,INFP
1479,ENFJ
1480,INFP
1481,INFJ
1482,INTJ
1483,INFJ
1484,INTP
1485,ISTP
1486,INFP
1487,ENFJ
1488,INTJ
1489,INFJ
1490,INFP
1491,INTJ
1492,INTJ
1493,INTP
1494,INTJ
1495,ESFJ
1496,ENFJ
1497,INFJ
1498,INFJ
1499,ENFP
1500,INFP
1501,ENTP
1502,INTJ
1503,ISTP
1504,INFJ
1505,ISFJ
1506,INFP
1507,INTJ
1508,ISFJ
1509,ISFP
1510,INFJ
1511,INFP
1512,ISTP
1513,ENTJ
1514,INFP
1515,ENTP
1516,INFP
1517,ISTJ
1518,INFP
1519,INFP
1520,INFP
1521,INFP
1522,ESTJ
1523,INTJ
1524,ENFJ
1525,ISFJ
1526,INTJ
1527,ISFP
1528,INTP
1529,INFJ
1530,ESTP
1531,ENFP
1532,INTP
1533,ISFJ
1534,INTJ
1535,ENFP
1536,INFJ
1537,INFP
1538,INTJ
1539,INFJ
1540,INFJ
1541,INTJ
1542,ENTP
1543,INTJ
1544,INTJ
1545,INFP
1546,INTP
1547,ISTP
1548,ENFP
1549,INFJ
1550,INTP
1551,ENTP
1552,INTP
1553,INTP
1554,INTP
1555,INFJ
1556,INFP
1557,ENTP
1558,INFP
1559,INFP
1560,ENTP
1561,INFP
1562,ESTP
1563,INFJ
1564,INFP
1565,ISTJ
1566,ISTP
1567,INFP
1568,INFJ
1569,ESFJ
1570,INFP
1571,ISTP
1572,INTJ
1573,INFJ
1574,INFJ
1575,INFJ
1576,INTJ
1577,INTJ
1578,INTP
1579,ENTP
1580,INTJ
1581,INTP
1582,ISTP
1583,INFJ
1584,INFJ
1585,INFJ
1586,INFJ
1587,INFP
1588,INTP
1589,INTP
1590,ENTJ
1591,INTJ
1592,ENTP
1593,INFP
1594,INTP
1595,ENTP
1596,ENTJ
1597,INTJ
1598,INFJ
1599,INTP
1600,ISFJ
1601,INFJ
1602,INFP
1603,ISTP
1604,ESFJ
1605,INFJ
1606,INTJ
1607,INTJ
1608,INFP
1609,INFJ
1610,INFP
1611,INFJ
1612,INFJ
1613,ESFP
1614,INTJ
1615,INFP
1616,ISFP
1617,INFJ
1618,ENFP
1619,INTJ
1620,INFP
1621,INFP
1622,ESFJ
1623,INFP
1624,INTP
1625,ENTJ
1626,INTJ
1627,INFP
1628,ENTP
1629,INFP
1630,INFP
1631,ENTJ
1632,INFJ
1633,INTJ
1634,ENFJ
1635,INFJ
1636,ENFP
1637,INFJ
1638,INTP
1639,ISFJ
1640,INTP
1641,INTJ
1642,INTP
1643,ENTP
1644,INTP
1645,ENFP
1646,INTP
1647,INTJ
1648,INTJ
1649,INFP
1650,INFP
1651,INTP
1652,INFP
1653,INFP
1654,ENFP
1655,INTJ
1656,ENTJ
1657,INTJ
1658,INTP
1659,ENTP
1660,ENTP
1661,ISTJ
1662,ISTP
1663,INFJ
1664,INTP
1665,INFJ
1666,INTP
1667,INFP
1668,ISTP
1669,INTJ
1670,INTJ
1671,INFJ
1672,INTJ
1673,INFP
1674,ISTP
1675,INTJ
1676,INFJ
1677,INTP
1678,INTJ
1679,INFP
1680,ENTP
1681,ISFJ
1682,INTJ
1683,ISTJ
1684,INFJ
1685,INFP
1686,ENFP
1687,ENTP
1688,INFP
1689,INTJ
1690,ENTP
1691,ENTP
1692,INTJ
1693,ISTJ
1694,INFP
1695,INFP
1696,ENTP
1697,INTP
1698,INFP
1699,ISTJ
1700,INFJ
1701,INFJ
1702,INFJ
1703,ISFP
1704,ENTP
1705,ENFP
1706,ISTP
1707,INFP
1708,ISTP
1709,INTP
1710,INFJ
1711,INFJ
1712,INFJ
1713,INFJ
1714,ENFP
1715,ENTP
1716,INFP
1717,INTP
1718,INFJ
1719,INFP
1720,INFP
1721,ENTJ
1722,ENTJ
1723,ENFP
1724,INFP
1725,ENTJ
1726,INFP
1727,ENFJ
1728,INFJ
1729,INTP
1730,ENTP
1731,INFJ
1732,INTJ
1733,ENTJ
1734,INFP
1735,INFP
1736,INFJ
1737,INFP
1738,ENFP
1739,ENTP
1740,INFP
1741,ENTJ
1742,INFJ
1743,ISTP
1744,INTJ
1745,ISFP
1746,INTP
1747,ISFP
1748,INFP
1749,INTJ
1750,INTJ
1751,ENTP
1752,INFP
1753,INFP
1754,INFP
1755,INFJ
1756,INFJ
1757,INFJ
1758,INFJ
1759,INFJ
1760,ISTP
1761,INTP
1762,INTJ
1763,ENFP
1764,INFP
1765,INFP
1766,ISTJ
1767,ENFJ
1768,ENTP
1769,ENTP
1770,INFJ
1771,INTJ
1772,INTJ
1773,ISFJ
1774,INFP
1775,ENTP
1776,INFP
1777,INFJ
1778,ENTP
1779,INFP
1780,ENFP
1781,ENFJ
1782,INFP
1783,ESFP
1784,INFP
1785,ENFP
1786,INFP
1787,INTP
1788,ISFP
1789,INFP
1790,INTP
1791,ISTJ
1792,INFP
1793,ISFJ
1794,INFP
1795,ISTP
1796,ISTP
1797,INFP
1798,ISFP
1799,INFP
1800,INTJ
1801,INFP
1802,INFP
1803,ISFJ
1804,INTP
1805,INFJ
1806,ISTP
1807,ESFP
1808,ISFJ
1809,ISTP
1810,ENFP
1811,ENFP
1812,INTP
1813,INFP
1814,INFJ
1815,INTP
1816,ENFP
1817,INTJ
1818,INTP
1819,INTP
1820,ENTP
1821,ENTP
1822,INTJ
1823,ISTP
1824,INTJ
1825,ENTP
1826,INFP
1827,INFJ
1828,INFJ
1829,INTP
1830,INTJ
1831,INFP
1832,INFJ
1833,ESTP
1834,ISTP
1835,INFP
1836,ENFJ
1837,ISTJ
1838,ISFJ
1839,ENFP
1840,ENFP
1841,INFP
1842,INTJ
1843,INFJ
1844,INTP
1845,INTJ
1846,INTJ
1847,INFP
1848,ISFP
1849,INTP
1850,ENFP
1851,INFP
1852,INFP
1853,INTP
1854,ENFP
1855,INTP
1856,ESFJ
1857,INTP
1858,INFJ
1859,ENTP
1860,INTP
1861,INFJ
1862,INFP
1863,INTP
1864,INTJ
1865,INFP
1866,ISFP
1867,ENFJ
1868,INFP
1869,ENFP
1870,INTJ
1871,INTJ
1872,INTP
1873,INTP
1874,ISTJ
1875,INTP
1876,INFP
1877,INFJ
1878,INFJ
1879,ENFP
1880,INFP
1881,INFP
1882,INTP
1883,INFJ
1884,INFP
1885,INTJ
1886,INFP
1887,ISTJ
1888,INFP
1889,INFP
1890,INTJ
1891,ENTJ
1892,INTP
1893,INFP
1894,INFJ
1895,INTP
1896,INTJ
1897,ENTP
1898,INTJ
1899,INFP
1900,ESTP
1901,INTJ
1902,INFJ
1903,ESTP
1904,INTP
1905,ENFP
1906,INTJ
1907,ENFP
1908,ISFJ
1909,INFP
1910,INFJ
1911,ISFJ
1912,INFP
1913,INFP
1914,ENTP
1915,INFP
1916,ENTJ
1917,INFJ
1918,INTP
1919,INFJ
1920,ENFP
1921,INTJ
1922,INFJ
1923,INFP
1924,ENFP
1925,INFJ
1926,INFJ
1927,ENTP
1928,INFJ
1929,INFP
1930,INTJ
1931,INFJ
1932,ESFP
1933,ENTJ
1934,INFP
1935,INFJ
1936,ENTP
1937,INFJ
1938,INFJ
1939,INTJ
1940,ENFP
1941,INFP
1942,ENTP
1943,ISFP
1944,ISTP
1945,INTP
1946,INFP
1947,INFP
1948,INFP
1949,INTP
1950,INFJ
1951,INFJ
1952,INFP
1953,INTJ
1954,ENTP
1955,ENTJ
1956,ENFJ
1957,INTJ
1958,ENTP
1959,ENTP
1960,INFJ
1961,ENTP
1962,ENTP
1963,ENTP
1964,ENTJ
1965,INFJ
1966,ISFP
1967,INTJ
1968,INFP
1969,INFJ
1970,INTP
1971,INTJ
1972,INTJ
1973,ISTP
1974,INTJ
1975,ENFP
1976,ENFP
1977,ISFJ
1978,INFJ
1979,INFP
1980,ENFP
1981,INTP
1982,ENFP
1983,ENFP
1984,INFJ
1985,ENTP
1986,ENFP
1987,ENTP
1988,ISFJ
1989,INTJ
1990,INTP
1991,INTP
1992,INFP
1993,INFJ
1994,INTP
1995,INFJ
1996,INTP
1997,INFJ
1998,INFP
1999,INFP
2000,INFJ
2001,ESTP
2002,INFP
2003,ENFP
2004,INFP
2005,INTP
2006,ENTP
2007,INTJ
2008,INTP
2009,INTJ
2010,INFP
2011,ENTJ
2012,INFP
2013,INFP
2014,ENFP
2015,INTP
2016,ENTP
2017,INTJ
2018,INFJ
2019,ENTP
2020,ENTJ
2021,INFJ
2022,ENTP
2023,INTP
2024,INFJ
2025,ISTP
2026,INTJ
2027,INFJ
2028,INFP
2029,INTJ
2030,INTP
2031,ENTP
2032,ISTJ
2033,INFJ
2034,INFJ
2035,INTJ
2036,ENTP
2037,ENTJ
2038,ENFP
2039,INFP
2040,INFJ
2041,ENTJ
2042,INFP
2043,ENFP
2044,INFP
2045,INFJ
2046,INFJ
2047,INFJ
2048,INFP
2049,INFP
2050,INFP
2051,ENFP
2052,INFJ
2053,ISTJ
2054,INFJ
2055,ENFP
2056,ISFP
2057,ENTP
2058,ISFJ
2059,ESFJ
2060,ISTP
2061,ENTJ
2062,INTJ
2063,INFP
2064,INTJ
2065,INFP
2066,ENTP
2067,INTP
2068,ENTP
2069,INTP
2070,ESFJ
2071,INFP
2072,INFJ
2073,INFP
2074,ENTP
2075,INFP
2076,ISFP
2077,INFP
2078,INFP
2079,INFP
2080,ENFJ
2081,INTJ
2082,ENFP
2083,ENTP
2084,ENFJ
2085,INFP
2086,INFP
2087,INFP
2088,INFP
2089,ENFJ
2090,ISTP
2091,INFP
2092,INFP
2093,INTJ
2094,INFJ
2095,INFP
2096,INTP
2097,INFP
2098,ENTP
2099,ENFP
2100,INFP
2101,INTJ
2102,INFP
2103,ISTJ
2104,ENTP
2105,INFP
2106,INFP
2107,ENFJ
2108,ISTP
2109,ISFP
2110,ENFP
2111,INFP
2112,ENTP
2113,ESTP
2114,INTJ
2115,INFJ
2116,INFP
2117,ENTP
2118,ISFP
2119,ENTP
2120,INFP
2121,ENFP
2122,ENTP
2123,INFP
2124,ESTJ
2125,INFJ
2126,ENTJ
2127,INFJ
2128,INFJ
2129,ENFP
2130,ENTJ
2131,ESTJ
2132,INFP
2133,INTJ
2134,ENFP
2135,INTJ
2136,INTP
2137,INFJ
2138,INFP
2139,ENTP
2140,ISFJ
2141,INTJ
2142,INTJ
2143,INFJ
2144,INTP
2145,INFP
2146,ISFJ
2147,ENFP
2148,INTJ
2149,INFP
2150,ISTP
2151,INFP
2152,INFJ
2153,ENFP
2154,ENTJ
2155,INFJ
2156,INFJ
2157,INTP
2158,ISFP
2159,ENFP
2160,ENTJ
2161,INFP
2162,INTP
2163,ISFJ
2164,INFP
2165,INFJ
2166,INTJ
2167,INFJ
2168,ENFP
2169,INFP
